Date,Rate,Volume,Qualifier,Banks lending,Banks borrowing,Transactions
2011-09-30,2.69,4659,Traded,0,0,0
2011-10-03,2.29,0,Estimated,0,0,0
2011-10-04,2.19,7999,Traded,0,0,0
2011-10-05,2.21,5652,Traded,0,0,0
2011-10-06,2.25,6560,Traded,0,0,0
2011-10-07,2.2,8946,Traded,0,0,0
2011-10-10,2.23,9578,Traded,0,0,0
2011-10-11,2.23,9896,Traded,0,0,0
2011-10-12,2.26,7676,Traded,0,0,0
2011-10-13,2.18,9746,Traded,0,0,0
2011-10-14,2.31,4267,Traded,0,0,0
2011-10-17,2.22,12807,Traded,0,0,0
2011-10-18,2.25,15538,Traded,0,0,0
2011-10-19,2.2,12423,Traded,0,0,0
2011-10-20,2.23,12166,Traded,0,0,0
2011-10-21,2.22,8520,Traded,0,0,0
2011-10-24,2.24,0,Estimated,0,0,0
2011-10-25,2.22,8416,Traded,0,0,0
2011-10-26,2.21,9592,Traded,0,0,0
2011-10-27,2.25,7234,Traded,0,0,0
2011-10-28,2.36,3548,Traded,0,0,0
2011-10-31,2.23,4324,Traded,0,0,0
2011-11-01,2.23,2927,Traded,0,0,0
2011-11-02,2.24,6459,Traded,0,0,0
2011-11-03,2.21,8856,Traded,0,0,0
2011-11-04,2.27,1805,Traded,0,0,0
2011-11-07,2.36,1624,Traded,0,0,0
2011-11-08,2.24,6127,Traded,0,0,0
2011-11-09,2.21,8351,Traded,0,0,0
2011-11-10,2.24,5403,Traded,0,0,0
2011-11-11,2.24,6638,Traded,0,0,0
2011-11-14,2.22,7999,Traded,0,0,0
2011-11-15,2.26,17810,Traded,0,0,0
2011-11-16,2.27,12036,Traded,0,0,0
2011-11-17,2.26,14557,Traded,0,0,0
2011-11-18,2.22,4403,Traded,0,0,0
2011-11-21,2.28,11419,Traded,0,0,0
2011-11-22,2.24,17149,Traded,0,0,0
2011-11-23,2.24,12216,Traded,0,0,0
2011-11-24,2.22,12131,Traded,0,0,0
2011-11-25,2.25,7367,Traded,0,0,0
2011-11-28,2.25,12963,Traded,0,0,0
2011-11-29,2.25,3495,Traded,0,0,0
2011-11-30,2.2,14288,Traded,0,0,0
2011-12-01,2.2,17558,Traded,0,0,0
2011-12-02,2.2,4693,Traded,0,0,0
2011-12-05,2.2,5238,Traded,0,0,0
2011-12-06,2.21,6110,Traded,0,0,0
2011-12-07,2.23,5814,Traded,0,0,0
2011-12-08,2.28,3437,Traded,0,0,0
2011-12-09,2.27,3416,Traded,0,0,0
2011-12-12,2.21,7060,Traded,0,0,0
2011-12-13,2.2,15164,Traded,0,0,0
2011-12-14,2.25,3212,Traded,0,0,0
2011-12-15,1.74,6350,Traded,0,0,0
2011-12-16,1.78,9028,Traded,0,0,0
2011-12-19,1.74,6551,Traded,0,0,0
2011-12-20,1.76,5472,Traded,0,0,0
2011-12-21,1.71,13872,Traded,0,0,0
2011-12-22,1.78,2440,Traded,0,0,0
2011-12-23,1.76,2828,Traded,0,0,0
2011-12-27,1.72,5647,Traded,0,0,0
2011-12-28,1.7,7695,Traded,0,0,0
2011-12-29,1.71,2517,Traded,0,0,0
2011-12-30,2.02,0,Estimated,0,0,0
2012-01-02,1.78,2873,Traded,0,0,0
2012-01-03,1.72,1735,Traded,0,0,0
2012-01-04,1.74,2789,Traded,0,0,0
2012-01-05,1.72,5101,Traded,0,0,0
2012-01-06,1.74,5956,Traded,0,0,0
2012-01-09,1.73,12845,Traded,0,0,0
2012-01-10,1.73,11401,Traded,0,0,0
2012-01-11,1.72,17896,Traded,0,0,0
2012-01-12,1.74,16088,Traded,0,0,0
2012-01-13,1.74,12445,Traded,0,0,0
2012-01-16,1.72,4577,Traded,0,0,0
2012-01-17,1.74,11972,Traded,0,0,0
2012-01-18,1.73,11655,Traded,0,0,0
2012-01-19,1.77,2568,Traded,0,0,0
2012-01-20,1.75,8063,Traded,0,0,0
2012-01-23,1.7,11284,Traded,0,0,0
2012-01-24,1.73,0,Estimated,0,0,0
2012-01-25,1.71,11278,Traded,0,0,0
2012-01-26,1.71,12034,Traded,0,0,0
2012-01-27,1.71,11914,Traded,0,0,0
2012-01-30,1.7,3588,Traded,0,0,0
2012-01-31,1.71,9195,Traded,0,0,0
2012-02-01,1.74,7426,Traded,0,0,0
2012-02-02,1.76,13214,Traded,0,0,0
2012-02-03,1.72,7906,Traded,0,0,0
2012-02-06,1.71,18766,Traded,0,0,0
2012-02-07,1.72,9097,Traded,0,0,0
2012-02-08,1.72,10276,Traded,0,0,0
2012-02-09,1.72,13092,Traded,0,0,0
2012-02-10,1.74,17373,Traded,0,0,0
2012-02-13,1.74,18695,Traded,0,0,0
2012-02-14,1.73,30530,Traded,0,0,0
2012-02-15,1.71,14912,Traded,0,0,0
2012-02-16,1.72,20983,Traded,0,0,0
2012-02-17,1.75,19010,Traded,0,0,0
2012-02-20,1.75,21210,Traded,0,0,0
2012-02-21,1.79,0,Estimated,0,0,0
2012-02-22,1.71,3947,Traded,0,0,0
2012-02-23,1.7,13076,Traded,0,0,0
2012-02-24,1.71,13877,Traded,0,0,0
2012-02-27,1.7,11147,Traded,0,0,0
2012-02-28,1.72,11286,Traded,0,0,0
2012-02-29,1.72,12570,Traded,0,0,0
2012-03-01,1.71,11652,Traded,0,0,0
2012-03-02,1.74,0,Estimated,0,0,0
2012-03-05,1.74,7053,Traded,0,0,0
2012-03-06,1.73,12257,Traded,0,0,0
2012-03-07,1.72,11201,Traded,0,0,0
2012-03-08,1.72,5812,Traded,0,0,0
2012-03-09,1.72,6069,Traded,0,0,0
2012-03-12,1.8,1767,Traded,0,0,0
2012-03-13,1.72,6833,Traded,0,0,0
2012-03-14,1.76,2660,Traded,0,0,0
2012-03-15,1.46,12816,Traded,0,0,0
2012-03-16,1.45,18281,Traded,0,0,0
2012-03-19,1.46,14664,Traded,0,0,0
2012-03-20,1.57,1345,Traded,0,0,0
2012-03-21,1.48,5664,Traded,0,0,0
2012-03-22,1.46,7151,Traded,0,0,0
2012-03-23,1.46,22589,Traded,0,0,0
2012-03-26,1.47,20607,Traded,0,0,0
2012-03-27,1.48,10336,Traded,0,0,0
2012-03-28,1.45,12912,Traded,0,0,0
2012-03-29,1.45,16790,Traded,0,0,0
2012-03-30,1.94,4174,Traded,0,0,0
2012-04-02,1.53,13182,Traded,0,0,0
2012-04-03,1.48,3317,Traded,0,0,0
2012-04-04,1.48,14519,Traded,0,0,0
2012-04-10,1.47,14513,Traded,0,0,0
2012-04-11,1.47,2968,Traded,0,0,0
2012-04-12,1.47,14377,Traded,0,0,0
2012-04-13,1.46,15035,Traded,0,0,0
2012-04-16,1.52,0,Estimated,0,0,0
2012-04-17,1.51,0,Estimated,0,0,0
2012-04-18,1.5,14816,Traded,0,0,0
2012-04-19,1.45,12236,Traded,0,0,0
2012-04-20,1.45,14313,Traded,0,0,0
2012-04-23,1.55,423,Traded,0,0,0
2012-04-24,1.45,13144,Traded,0,0,0
2012-04-25,1.47,15043,Traded,0,0,0
2012-04-26,1.46,17512,Traded,0,0,0
2012-04-27,1.47,13433,Traded,0,0,0
2012-04-30,1.47,12425,Traded,0,0,0
2012-05-02,1.48,20076,Traded,0,0,0
2012-05-03,1.47,13986,Traded,0,0,0
2012-05-04,1.47,11996,Traded,0,0,0
2012-05-07,1.49,4842,Traded,0,0,0
2012-05-08,1.49,19194,Traded,0,0,0
2012-05-09,1.48,15780,Traded,0,0,0
2012-05-10,1.46,8449,Traded,0,0,0
2012-05-11,1.5,7959,Traded,0,0,0
2012-05-14,1.48,9296,Traded,0,0,0
2012-05-15,1.62,1629,Traded,0,0,0
2012-05-16,1.47,25686,Traded,0,0,0
2012-05-18,1.46,12671,Traded,0,0,0
2012-05-21,1.49,18292,Traded,0,0,0
2012-05-22,1.51,15224,Traded,0,0,0
2012-05-23,1.49,19492,Traded,0,0,0
2012-05-24,1.5,14579,Traded,0,0,0
2012-05-25,1.48,13053,Traded,0,0,0
2012-05-29,1.47,15983,Traded,0,0,0
2012-05-30,1.48,11153,Traded,0,0,0
2012-05-31,1.52,0,Estimated,0,0,0
2012-06-01,1.66,13266,Traded,0,0,0
2012-06-04,1.54,0,Estimated,0,0,0
2012-06-05,1.49,24492,Traded,0,0,0
2012-06-06,1.48,11709,Traded,0,0,0
2012-06-07,1.48,14391,Traded,0,0,0
2012-06-08,1.48,14954,Traded,0,0,0
2012-06-11,1.5,16208,Traded,0,0,0
2012-06-12,1.46,4700,Traded,0,0,0
2012-06-13,1.47,13061,Traded,0,0,0
2012-06-14,1.49,22307,Traded,0,0,0
2012-06-15,1.48,18955,Traded,0,0,0
2012-06-18,1.48,15270,Traded,0,0,0
2012-06-19,1.51,15339,Traded,0,0,0
2012-06-20,1.51,20588,Traded,0,0,0
2012-06-21,1.5,21634,Traded,0,0,0
2012-06-22,1.46,14761,Traded,0,0,0
2012-06-25,1.48,19571,Traded,0,0,0
2012-06-26,1.46,16391,Traded,0,0,0
2012-06-27,1.47,21117,Traded,0,0,0
2012-06-28,1.46,15358,Traded,0,0,0
2012-06-29,2.92,0,Estimated,0,0,0
2012-07-02,1.47,11626,Traded,0,0,0
2012-07-03,1.46,15215,Traded,0,0,0
2012-07-04,1.47,14966,Traded,0,0,0
2012-07-05,1.47,952,Traded,0,0,0
2012-07-06,1.48,9139,Traded,0,0,0
2012-07-09,1.47,5758,Traded,0,0,0
2012-07-10,1.49,4754,Traded,0,0,0
2012-07-11,1.48,2841,Traded,0,0,0
2012-07-12,1.46,15914,Traded,0,0,0
2012-07-13,1.48,15807,Traded,0,0,0
2012-07-16,1.49,24868,Traded,0,0,0
2012-07-17,1.48,24626,Traded,0,0,0
2012-07-18,1.49,29543,Traded,0,0,0
2012-07-19,1.49,26844,Traded,0,0,0
2012-07-20,1.48,27282,Traded,0,0,0
2012-07-23,1.49,25195,Traded,0,0,0
2012-07-24,1.49,27644,Traded,0,0,0
2012-07-25,1.49,21457,Traded,0,0,0
2012-07-26,1.55,0,Estimated,0,0,0
2012-07-27,1.47,15504,Traded,0,0,0
2012-07-30,1.48,24529,Traded,0,0,0
2012-07-31,1.49,3429,Traded,0,0,0
2012-08-01,1.5,15047,Traded,0,0,0
2012-08-02,1.52,17421,Traded,0,0,0
2012-08-03,1.51,13367,Traded,0,0,0
2012-08-06,1.47,17192,Traded,0,0,0
2012-08-07,1.49,15970,Traded,0,0,0
2012-08-08,1.46,11348,Traded,0,0,0
2012-08-09,1.49,14368,Traded,0,0,0
2012-08-10,1.48,19487,Traded,0,0,0
2012-08-13,1.48,17791,Traded,0,0,0
2012-08-14,1.49,24882,Traded,0,0,0
2012-08-15,1.47,18312,Traded,0,0,0
2012-08-16,1.49,21978,Traded,0,0,0
2012-08-17,1.49,13914,Traded,0,0,0
2012-08-20,1.48,15610,Traded,0,0,0
2012-08-21,1.49,18829,Traded,0,0,0
2012-08-22,1.51,4437,Traded,0,0,0
2012-08-23,1.48,4655,Traded,0,0,0
2012-08-24,1.47,11488,Traded,0,0,0
2012-08-27,1.53,0,Estimated,0,0,0
2012-08-28,1.49,10970,Traded,0,0,0
2012-08-29,1.49,15044,Traded,0,0,0
2012-08-30,1.49,12055,Traded,0,0,0
2012-08-31,1.47,21840,Traded,0,0,0
2012-09-03,1.49,27820,Traded,0,0,0
2012-09-04,1.47,15921,Traded,0,0,0
2012-09-05,1.52,5108,Traded,0,0,0
2012-09-06,1.51,3949,Traded,0,0,0
2012-09-07,1.47,10555,Traded,0,0,0
2012-09-10,1.51,3462,Traded,0,0,0
2012-09-11,1.45,5325,Traded,0,0,0
2012-09-12,1.5,10349,Traded,0,0,0
2012-09-13,1.5,9940,Traded,0,0,0
2012-09-14,1.52,7915,Traded,0,0,0
2012-09-17,1.5,17381,Traded,0,0,0
2012-09-18,1.49,16187,Traded,0,0,0
2012-09-19,1.51,28545,Traded,0,0,0
2012-09-20,1.5,17029,Traded,0,0,0
2012-09-21,1.49,25744,Traded,0,0,0
2012-09-24,1.49,22449,Traded,0,0,0
2012-09-25,1.48,21614,Traded,0,0,0
2012-09-26,1.48,13786,Traded,0,0,0
2012-09-27,1.47,10890,Traded,0,0,0
2012-09-28,1.47,6077,Traded,0,0,0
2012-10-01,1.51,12412,Traded,0,0,0
2012-10-02,1.51,9379,Traded,0,0,0
2012-10-03,1.49,9960,Traded,0,0,0
2012-10-04,1.45,10146,Traded,0,0,0
2012-10-05,1.48,17621,Traded,0,0,0
2012-10-08,1.51,0,Estimated,0,0,0
2012-10-09,1.47,17914,Traded,0,0,0
2012-10-10,1.49,15872,Traded,0,0,0
2012-10-11,1.48,16699,Traded,0,0,0
2012-10-12,1.46,15572,Traded,0,0,0
2012-10-15,1.49,15776,Traded,0,0,0
2012-10-16,1.48,13852,Traded,0,0,0
2012-10-17,1.51,13363,Traded,0,0,0
2012-10-18,1.49,17492,Traded,0,0,0
2012-10-19,1.49,11844,Traded,0,0,0
2012-10-22,1.48,13083,Traded,0,0,0
2012-10-23,1.5,6151,Traded,0,0,0
2012-10-24,1.48,10106,Traded,0,0,0
2012-10-25,1.48,15928,Traded,0,0,0
2012-10-26,1.57,3255,Traded,0,0,0
2012-10-29,1.47,19636,Traded,0,0,0
2012-10-30,1.53,3333,Traded,0,0,0
2012-10-31,1.47,9861,Traded,0,0,0
2012-11-01,1.48,5980,Traded,0,0,0
2012-11-02,1.49,1334,Traded,0,0,0
2012-11-05,1.52,6753,Traded,0,0,0
2012-11-06,1.47,8181,Traded,0,0,0
2012-11-07,1.48,20570,Traded,0,0,0
2012-11-08,1.46,19914,Traded,0,0,0
2012-11-09,1.45,15700,Traded,0,0,0
2012-11-12,1.46,20627,Traded,0,0,0
2012-11-13,1.46,15419,Traded,0,0,0
2012-11-14,1.52,1127,Traded,0,0,0
2012-11-15,1.53,8943,Traded,0,0,0
2012-11-16,1.5,9768,Traded,0,0,0
2012-11-19,1.48,10542,Traded,0,0,0
2012-11-20,1.49,12987,Traded,0,0,0
2012-11-21,1.49,18135,Traded,0,0,0
2012-11-22,1.5,15821,Traded,0,0,0
2012-11-23,1.46,12297,Traded,0,0,0
2012-11-26,1.48,14816,Traded,0,0,0
2012-11-27,1.48,22550,Traded,0,0,0
2012-11-28,1.48,13212,Traded,0,0,0
2012-11-29,1.51,12146,Traded,0,0,0
2012-11-30,1.49,20022,Traded,0,0,0
2012-12-03,1.49,13446,Traded,0,0,0
2012-12-04,1.49,12490,Traded,0,0,0
2012-12-05,1.53,0,Estimated,0,0,0
2012-12-06,1.48,15990,Traded,0,0,0
2012-12-07,1.46,12700,Traded,0,0,0
2012-12-10,1.53,0,Estimated,0,0,0
2012-12-11,1.48,12629,Traded,0,0,0
2012-12-12,1.46,7185,Traded,0,0,0
2012-12-13,1.49,16738,Traded,0,0,0
2012-12-14,1.48,12814,Traded,0,0,0
2012-12-17,1.51,11339,Traded,0,0,0
2012-12-18,1.5,4748,Traded,0,0,0
2012-12-19,1.5,17950,Traded,0,0,0
2012-12-20,1.47,22202,Traded,0,0,0
2012-12-21,1.48,13693,Traded,0,0,0
2012-12-27,1.46,8718,Traded,0,0,0
2012-12-28,1.48,20726,Traded,0,0,0
2012-12-31,2.38,0,Estimated,0,0,0
2013-01-02,1.5,23040,Traded,0,0,0
2013-01-03,1.48,27759,Traded,0,0,0
2013-01-04,1.49,4279,Traded,0,0,0
2013-01-07,1.46,15860,Traded,0,0,0
2013-01-08,1.46,11835,Traded,0,0,0
2013-01-09,1.49,4758,Traded,0,0,0
2013-01-10,1.46,9760,Traded,0,0,0
2013-01-11,1.48,9614,Traded,0,0,0
2013-01-14,1.47,9995,Traded,0,0,0
2013-01-15,1.49,13129,Traded,0,0,0
2013-01-16,1.5,8874,Traded,0,0,0
2013-01-17,1.5,8649,Traded,0,0,0
2013-01-18,1.49,9011,Traded,0,0,0
2013-01-21,1.48,6836,Traded,0,0,0
2013-01-22,1.49,19253,Traded,0,0,0
2013-01-23,1.48,16809,Traded,0,0,0
2013-01-24,1.46,16622,Traded,0,0,0
2013-01-25,1.46,11873,Traded,0,0,0
2013-01-28,1.47,12948,Traded,0,0,0
2013-01-29,1.45,9422,Traded,0,0,0
2013-01-30,1.45,8752,Traded,0,0,0
2013-01-31,1.49,9080,Traded,0,0,0
2013-02-01,1.47,10683,Traded,0,0,0
2013-02-04,1.47,23109,Traded,0,0,0
2013-02-05,1.48,13996,Traded,0,0,0
2013-02-06,1.46,24238,Traded,0,0,0
2013-02-07,1.46,17081,Traded,0,0,0
2013-02-08,1.46,17200,Traded,0,0,0
2013-02-11,1.47,8483,Traded,0,0,0
2013-02-12,1.5,9990,Traded,0,0,0
2013-02-13,1.49,7680,Traded,0,0,0
2013-02-14,1.5,7811,Traded,0,0,0
2013-02-15,1.51,6857,Traded,0,0,0
2013-02-18,1.52,0,Estimated,0,0,0
2013-02-19,1.54,3839,Traded,0,0,0
2013-02-20,1.49,6878,Traded,0,0,0
2013-02-21,1.47,7907,Traded,0,0,0
2013-02-22,1.53,0,Estimated,0,0,0
2013-02-25,1.51,8405,Traded,0,0,0
2013-02-26,1.48,10560,Traded,0,0,0
2013-02-27,1.51,7188,Traded,0,0,0
2013-02-28,1.5,5350,Traded,0,0,0
2013-03-01,1.49,8255,Traded,0,0,0
2013-03-04,1.49,6589,Traded,0,0,0
2013-03-05,1.49,14962,Traded,0,0,0
2013-03-06,1.5,6896,Traded,0,0,0
2013-03-07,1.5,5777,Traded,0,0,0
2013-03-08,1.49,7498,Traded,0,0,0
2013-03-11,1.49,15834,Traded,0,0,0
2013-03-12,1.5,16398,Traded,0,0,0
2013-03-13,1.49,18308,Traded,0,0,0
2013-03-14,1.5,14630,Traded,0,0,0
2013-03-15,1.59,7061,Traded,0,0,0
2013-03-18,1.52,8284,Traded,0,0,0
2013-03-19,1.58,7777,Traded,0,0,0
2013-03-20,1.58,11021,Traded,0,0,0
2013-03-21,1.48,8094,Traded,0,0,0
2013-03-22,1.46,11220,Traded,0,0,0
2013-03-25,1.5,11380,Traded,0,0,0
2013-03-26,1.49,18833,Traded,0,0,0
2013-03-27,2.35,438,Traded,0,0,0
2013-04-02,1.66,6235,Traded,0,0,0
2013-04-03,1.53,9728,Traded,0,0,0
2013-04-04,1.5,11297,Traded,0,0,0
2013-04-05,1.48,11249,Traded,0,0,0
2013-04-08,1.48,14392,Traded,0,0,0
2013-04-09,1.47,13407,Traded,0,0,0
2013-04-10,1.53,5020,Traded,0,0,0
2013-04-11,1.47,9768,Traded,0,0,0
2013-04-12,1.48,13126,Traded,0,0,0
2013-04-15,1.5,9244,Traded,0,0,0
2013-04-16,1.51,10650,Traded,0,0,0
2013-04-17,1.51,8738,Traded,0,0,0
2013-04-18,1.51,11055,Traded,0,0,0
2013-04-19,1.5,8238,Traded,0,0,0
2013-04-22,1.47,15124,Traded,0,0,0
2013-04-23,1.48,13135,Traded,0,0,0
2013-04-24,1.48,10010,Traded,0,0,0
2013-04-25,1.49,7507,Traded,0,0,0
2013-04-26,1.46,10190,Traded,0,0,0
2013-04-29,1.5,15282,Traded,0,0,0
2013-04-30,1.53,5340,Traded,0,0,0
2013-05-02,1.52,17274,Traded,0,0,0
2013-05-03,1.51,11161,Traded,0,0,0
2013-05-06,1.49,16837,Traded,0,0,0
2013-05-07,1.6,4578,Traded,0,0,0
2013-05-08,1.51,9639,Traded,0,0,0
2013-05-10,1.48,9081,Traded,0,0,0
2013-05-13,1.51,12191,Traded,0,0,0
2013-05-14,1.48,20671,Traded,0,0,0
2013-05-15,1.49,16532,Traded,0,0,0
2013-05-16,1.5,14263,Traded,0,0,0
2013-05-21,1.46,9920,Traded,0,0,0
2013-05-22,1.51,18068,Traded,0,0,0
2013-05-23,1.47,13042,Traded,0,0,0
2013-05-24,1.49,9400,Traded,0,0,0
2013-05-27,1.5,14383,Traded,0,0,0
2013-05-28,1.49,10066,Traded,0,0,0
2013-05-29,1.48,5845,Traded,0,0,0
2013-05-30,1.47,7411,Traded,0,0,0
2013-05-31,1.52,10609,Traded,0,0,0
2013-06-03,1.52,9811,Traded,0,0,0
2013-06-04,1.47,11202,Traded,0,0,0
2013-06-05,1.5,6628,Traded,0,0,0
2013-06-06,1.48,20933,Traded,0,0,0
2013-06-07,1.49,12252,Traded,0,0,0
2013-06-10,1.47,14272,Traded,0,0,0
2013-06-11,1.48,14855,Traded,0,0,0
2013-06-12,1.48,14951,Traded,0,0,0
2013-06-13,1.46,15040,Traded,0,0,0
2013-06-14,1.47,10942,Traded,0,0,0
2013-06-17,1.47,9138,Traded,0,0,0
2013-06-18,1.47,10153,Traded,0,0,0
2013-06-19,1.49,12814,Traded,0,0,0
2013-06-20,1.48,14100,Traded,0,0,0
2013-06-21,1.5,8760,Traded,0,0,0
2013-06-24,1.48,16271,Traded,0,0,0
2013-06-25,1.48,11257,Traded,0,0,0
2013-06-26,1.49,15685,Traded,0,0,0
2013-06-27,1.49,8789,Traded,0,0,0
2013-06-28,1.46,1471,Traded,0,0,0
2013-07-01,1.47,6737,Traded,0,0,0
2013-07-02,1.46,9644,Traded,0,0,0
2013-07-03,1.46,11448,Traded,0,0,0
2013-07-04,1.51,8007,Traded,0,0,0
2013-07-05,1.48,10257,Traded,0,0,0
2013-07-08,1.48,12760,Traded,0,0,0
2013-07-09,1.49,4683,Traded,0,0,0
2013-07-10,1.49,8445,Traded,0,0,0
2013-07-11,1.48,7297,Traded,0,0,0
2013-07-12,1.49,5367,Traded,0,0,0
2013-07-15,1.48,30601,Traded,0,0,0
2013-07-16,1.48,25156,Traded,0,0,0
2013-07-17,1.47,29644,Traded,0,0,0
2013-07-18,1.47,25092,Traded,0,0,0
2013-07-19,1.47,22208,Traded,0,0,0
2013-07-22,1.5,10018,Traded,0,0,0
2013-07-23,1.48,10680,Traded,0,0,0
2013-07-24,1.46,7704,Traded,0,0,0
2013-07-25,1.46,11390,Traded,0,0,0
2013-07-26,1.49,17343,Traded,0,0,0
2013-07-29,1.47,17206,Traded,0,0,0
2013-07-30,1.5,11961,Traded,0,0,0
2013-07-31,1.48,13006,Traded,0,0,0
2013-08-01,1.5,23149,Traded,0,0,0
2013-08-02,1.47,13950,Traded,0,0,0
2013-08-05,1.48,10136,Traded,0,0,0
2013-08-06,1.47,14112,Traded,0,0,0
2013-08-07,1.48,4006,Traded,0,0,0
2013-08-08,1.48,12169,Traded,0,0,0
2013-08-09,1.47,9683,Traded,0,0,0
2013-08-12,1.48,6050,Traded,0,0,0
2013-08-13,1.46,5941,Traded,0,0,0
2013-08-14,1.46,7921,Traded,0,0,0
2013-08-15,1.46,11676,Traded,0,0,0
2013-08-16,1.48,16404,Traded,0,0,0
2013-08-19,1.49,8780,Traded,0,0,0
2013-08-20,1.5,11135,Traded,0,0,0
2013-08-21,1.48,5407,Traded,0,0,0
2013-08-22,1.47,12836,Traded,0,0,0
2013-08-23,1.48,13521,Traded,0,0,0
2013-08-26,1.5,15174,Traded,0,0,0
2013-08-27,1.48,16381,Traded,0,0,0
2013-08-28,1.47,12153,Traded,0,0,0
2013-08-29,1.46,14226,Traded,0,0,0
2013-08-30,1.57,1341,Traded,0,0,0
2013-09-02,1.49,27174,Traded,0,0,0
2013-09-03,1.48,22348,Traded,0,0,0
2013-09-04,1.48,17811,Traded,0,0,0
2013-09-05,1.47,8954,Traded,0,0,0
2013-09-06,1.47,13481,Traded,0,0,0
2013-09-09,1.46,10429,Traded,0,0,0
2013-09-10,1.47,16204,Traded,0,0,0
2013-09-11,1.47,15703,Traded,0,0,0
2013-09-12,1.48,15602,Traded,0,0,0
2013-09-13,1.48,6647,Traded,0,0,0
2013-09-16,1.49,8783,Traded,0,0,0
2013-09-17,1.48,15735,Traded,0,0,0
2013-09-18,1.47,12817,Traded,0,0,0
2013-09-19,1.47,17918,Traded,0,0,0
2013-09-20,1.47,27685,Traded,0,0,0
2013-09-23,1.46,19443,Traded,0,0,0
2013-09-24,1.48,15400,Traded,0,0,0
2013-09-25,1.49,13134,Traded,0,0,0
2013-09-26,1.49,12487,Traded,0,0,0
2013-09-27,1.49,8929,Traded,0,0,0
2013-09-30,2.03,3110,Traded,0,0,0
2013-10-01,1.47,12366,Traded,0,0,0
2013-10-02,1.46,11471,Traded,0,0,0
2013-10-03,1.48,14289,Traded,0,0,0
2013-10-04,1.48,10841,Traded,0,0,0
2013-10-07,1.48,19616,Traded,0,0,0
2013-10-08,1.48,13715,Traded,0,0,0
2013-10-09,1.47,18334,Traded,0,0,0
2013-10-10,1.47,13787,Traded,0,0,0
2013-10-11,1.48,19400,Traded,0,0,0
2013-10-14,1.5,19040,Traded,0,0,0
2013-10-15,1.48,26674,Traded,0,0,0
2013-10-16,1.48,26467,Traded,0,0,0
2013-10-17,1.49,22699,Traded,0,0,0
2013-10-18,1.5,16574,Traded,0,0,0
2013-10-21,1.5,15726,Traded,0,0,0
2013-10-22,1.49,28045,Traded,0,0,0
2013-10-23,1.48,26513,Traded,0,0,0
2013-10-24,1.48,23847,Traded,0,0,0
2013-10-25,1.5,9647,Traded,0,0,0
2013-10-28,1.48,6409,Traded,0,0,0
2013-10-29,1.51,6844,Traded,0,0,0
2013-10-30,1.48,6908,Traded,0,0,0
2013-10-31,1.5,5826,Traded,0,0,0
2013-11-01,1.47,8354,Traded,0,0,0
2013-11-04,1.49,7454,Traded,0,0,0
2013-11-05,1.54,1527,Traded,0,0,0
2013-11-06,1.49,6676,Traded,0,0,0
2013-11-07,1.49,6130,Traded,0,0,0
2013-11-08,1.49,6851,Traded,0,0,0
2013-11-11,1.49,9771,Traded,0,0,0
2013-11-12,1.5,8336,Traded,0,0,0
2013-11-13,1.51,10768,Traded,0,0,0
2013-11-14,1.48,19906,Traded,0,0,0
2013-11-15,1.48,12737,Traded,0,0,0
2013-11-18,1.49,12377,Traded,0,0,0
2013-11-19,1.52,11476,Traded,0,0,0
2013-11-20,1.51,11346,Traded,0,0,0
2013-11-21,1.49,15477,Traded,0,0,0
2013-11-22,1.47,10094,Traded,0,0,0
2013-11-25,1.49,14509,Traded,0,0,0
2013-11-26,1.5,9336,Traded,0,0,0
2013-11-27,1.5,13483,Traded,0,0,0
2013-11-28,1.47,15409,Traded,0,0,0
2013-11-29,1.47,3323,Traded,0,0,0
2013-12-02,1.49,11775,Traded,0,0,0
2013-12-03,1.48,7783,Traded,0,0,0
2013-12-04,1.51,12191,Traded,0,0,0
2013-12-05,1.48,20667,Traded,0,0,0
2013-12-06,1.48,13333,Traded,0,0,0
2013-12-09,1.49,13479,Traded,0,0,0
2013-12-10,1.5,13514,Traded,0,0,0
2013-12-11,1.46,11405,Traded,0,0,0
2013-12-12,1.49,16952,Traded,0,0,0
2013-12-13,1.48,22840,Traded,0,0,0
2013-12-16,1.5,21979,Traded,0,0,0
2013-12-17,1.49,16478,Traded,0,0,0
2013-12-18,1.48,13984,Traded,0,0,0
2013-12-19,1.47,7424,Traded,0,0,0
2013-12-20,1.54,2466,Traded,0,0,0
2013-12-23,1.47,4869,Traded,0,0,0
2013-12-27,1.48,20049,Traded,0,0,0
2013-12-30,1.49,5696,Traded,0,0,0
2013-12-31,2.67,0,Estimated,0,0,0
2014-01-02,1.48,13335,Traded,0,0,0
2014-01-03,1.46,10986,Traded,0,0,0
2014-01-06,1.52,708,Traded,0,0,0
2014-01-07,1.47,4401,Traded,0,0,0
2014-01-08,1.48,17566,Traded,0,0,0
2014-01-09,1.47,5823,Traded,0,0,0
2014-01-10,1.47,16730,Traded,0,0,0
2014-01-13,1.48,16920,Traded,0,0,0
2014-01-14,1.48,17532,Traded,0,0,0
2014-01-15,1.48,31475,Traded,0,0,0
2014-01-16,1.48,36183,Traded,0,0,0
2014-01-17,1.47,15144,Traded,0,0,0
2014-01-20,1.5,18433,Traded,0,0,0
2014-01-21,1.49,13999,Traded,0,0,0
2014-01-22,1.48,17451,Traded,0,0,0
2014-01-23,1.47,15953,Traded,0,0,0
2014-01-24,1.48,6447,Traded,0,0,0
2014-01-27,1.49,5157,Traded,0,0,0
2014-01-28,1.46,5324,Traded,0,0,0
2014-01-29,1.49,4796,Traded,0,0,0
2014-01-30,1.47,3355,Traded,0,0,0
2014-01-31,1.5,2229,Traded,0,0,0
2014-02-03,1.48,16137,Traded,0,0,0
2014-02-04,1.51,4131,Traded,0,0,0
2014-02-05,1.5,6623,Traded,0,0,0
2014-02-06,1.5,5065,Traded,0,0,0
2014-02-07,1.52,2726,Traded,0,0,0
2014-02-10,1.48,22023,Traded,0,0,0
2014-02-11,1.48,20760,Traded,0,0,0
2014-02-12,1.47,24339,Traded,0,0,0
2014-02-13,1.47,4711,Traded,0,0,0
2014-02-14,1.47,5895,Traded,0,0,0
2014-02-17,1.5,31876,Traded,0,0,0
2014-02-18,1.5,25058,Traded,0,0,0
2014-02-19,1.48,21328,Traded,0,0,0
2014-02-20,1.49,18771,Traded,0,0,0
2014-02-21,1.49,22739,Traded,0,0,0
2014-02-24,1.47,24824,Traded,0,0,0
2014-02-25,1.48,23000,Traded,0,0,0
2014-02-26,1.48,0,Estimated,0,0,0
2014-02-27,1.47,21632,Traded,0,0,0
2014-02-28,1.49,5581,Traded,0,0,0
2014-03-03,1.47,5564,Traded,0,0,0
2014-03-04,1.48,16857,Traded,0,0,0
2014-03-05,1.49,1439,Traded,0,0,0
2014-03-06,1.47,13753,Traded,0,0,0
2014-03-07,1.48,8592,Traded,0,0,0
2014-03-10,1.47,16099,Traded,0,0,0
2014-03-11,1.47,19041,Traded,0,0,0
2014-03-12,1.48,12838,Traded,0,0,0
2014-03-13,1.48,5354,Traded,0,0,0
2014-03-14,1.51,6054,Traded,0,0,0
2014-03-17,1.48,15764,Traded,0,0,0
2014-03-18,1.49,15457,Traded,0,0,0
2014-03-19,1.49,22573,Traded,0,0,0
2014-03-20,1.48,21614,Traded,0,0,0
2014-03-21,1.48,22219,Traded,0,0,0
2014-03-24,1.47,17585,Traded,0,0,0
2014-03-25,1.46,12125,Traded,0,0,0
2014-03-26,1.49,5429,Traded,0,0,0
2014-03-27,1.49,11019,Traded,0,0,0
2014-03-28,1.48,17807,Traded,0,0,0
2014-03-31,1.47,3407,Traded,0,0,0
2014-04-01,1.48,18346,Traded,0,0,0
2014-04-02,1.49,20174,Traded,0,0,0
2014-04-03,1.48,16779,Traded,0,0,0
2014-04-04,1.5,13822,Traded,0,0,0
2014-04-07,1.47,12671,Traded,0,0,0
2014-04-08,1.48,10024,Traded,0,0,0
2014-04-09,1.48,12499,Traded,0,0,0
2014-04-10,1.48,18560,Traded,0,0,0
2014-04-11,1.49,6179,Traded,0,0,0
2014-04-14,1.5,19833,Traded,0,0,0
2014-04-15,1.49,17644,Traded,0,0,0
2014-04-16,1.47,12231,Traded,0,0,0
2014-04-22,1.49,14163,Traded,0,0,0
2014-04-23,1.49,20703,Traded,0,0,0
2014-04-24,1.49,25535,Traded,0,0,0
2014-04-25,1.5,24986,Traded,0,0,0
2014-04-28,1.5,12568,Traded,0,0,0
2014-04-29,1.5,15145,Traded,0,0,0
2014-04-30,1.48,20917,Traded,0,0,0
2014-05-02,1.49,6438,Traded,0,0,0
2014-05-05,1.49,14663,Traded,0,0,0
2014-05-06,1.49,14930,Traded,0,0,0
2014-05-07,1.49,8790,Traded,0,0,0
2014-05-08,1.48,12737,Traded,0,0,0
2014-05-09,1.51,12593,Traded,0,0,0
2014-05-12,1.54,3304,Traded,0,0,0
2014-05-13,1.49,13261,Traded,0,0,0
2014-05-14,1.48,11480,Traded,0,0,0
2014-05-15,1.49,24692,Traded,0,0,0
2014-05-16,1.51,7731,Traded,0,0,0
2014-05-19,1.5,14311,Traded,0,0,0
2014-05-20,1.48,18616,Traded,0,0,0
2014-05-21,1.47,24055,Traded,0,0,0
2014-05-22,1.48,24981,Traded,0,0,0
2014-05-23,1.47,26313,Traded,0,0,0
2014-05-26,1.48,34762,Traded,0,0,0
2014-05-27,1.49,25768,Traded,0,0,0
2014-05-28,1.48,16795,Traded,0,0,0
2014-05-30,1.47,18198,Traded,0,0,0
2014-06-02,1.49,11355,Traded,0,0,0
2014-06-03,1.51,8771,Traded,0,0,0
2014-06-04,1.49,17728,Traded,0,0,0
2014-06-05,1.48,17263,Traded,0,0,0
2014-06-06,1.48,16657,Traded,0,0,0
2014-06-10,1.51,11063,Traded,0,0,0
2014-06-11,1.49,13675,Traded,0,0,0
2014-06-12,1.48,11723,Traded,0,0,0
2014-06-13,1.48,12962,Traded,0,0,0
2014-06-16,1.47,19632,Traded,0,0,0
2014-06-17,1.49,10103,Traded,0,0,0
2014-06-18,1.5,19246,Traded,0,0,0
2014-06-19,1.51,9606,Traded,0,0,0
2014-06-20,1.49,13493,Traded,0,0,0
2014-06-23,1.48,14281,Traded,0,0,0
2014-06-24,1.48,19227,Traded,0,0,0
2014-06-25,1.47,12009,Traded,0,0,0
2014-06-26,1.45,22201,Traded,0,0,0
2014-06-27,1.45,7695,Traded,0,0,0
2014-06-30,1.55,2081,Traded,0,0,0
2014-07-01,1.46,8025,Traded,0,0,0
2014-07-02,1.52,5120,Traded,0,0,0
2014-07-03,1.5,4347,Traded,0,0,0
2014-07-04,1.48,5732,Traded,0,0,0
2014-07-07,1.49,11528,Traded,0,0,0
2014-07-08,1.55,2894,Traded,0,0,0
2014-07-09,1.51,15550,Traded,0,0,0
2014-07-10,1.47,9266,Traded,0,0,0
2014-07-11,1.49,15259,Traded,0,0,0
2014-07-14,1.51,11326,Traded,0,0,0
2014-07-15,1.49,17534,Traded,0,0,0
2014-07-16,1.48,28828,Traded,0,0,0
2014-07-17,1.49,5981,Traded,0,0,0
2014-07-18,1.48,10201,Traded,0,0,0
2014-07-21,1.49,8552,Traded,0,0,0
2014-07-22,1.48,11646,Traded,0,0,0
2014-07-23,1.49,9148,Traded,0,0,0
2014-07-24,1.54,736,Traded,0,0,0
2014-07-25,1.53,370,Traded,0,0,0
2014-07-28,1.49,5693,Traded,0,0,0
2014-07-29,1.48,4489,Traded,0,0,0
2014-07-30,1.48,6461,Traded,0,0,0
2014-07-31,1.47,8469,Traded,0,0,0
2014-08-01,1.5,5496,Traded,0,0,0
2014-08-04,1.49,3060,Traded,0,0,0
2014-08-05,1.51,2126,Traded,0,0,0
2014-08-06,1.5,4346,Traded,0,0,0
2014-08-07,1.47,5836,Traded,0,0,0
2014-08-08,1.51,2414,Traded,0,0,0
2014-08-11,1.47,3239,Traded,0,0,0
2014-08-12,1.47,11608,Traded,0,0,0
2014-08-13,1.48,4229,Traded,0,0,0
2014-08-14,1.48,2027,Traded,0,0,0
2014-08-15,1.51,1648,Traded,0,0,0
2014-08-18,1.48,3336,Traded,0,0,0
2014-08-19,1.46,4088,Traded,0,0,0
2014-08-20,1.47,5593,Traded,0,0,0
2014-08-21,1.48,2746,Traded,0,0,0
2014-08-22,1.49,6872,Traded,0,0,0
2014-08-25,1.52,1748,Traded,0,0,0
2014-08-26,1.48,3473,Traded,0,0,0
2014-08-27,1.48,3955,Traded,0,0,0
2014-08-28,1.48,11075,Traded,0,0,0
2014-08-29,1.48,15133,Traded,0,0,0
2014-09-01,1.5,9508,Traded,0,0,0
2014-09-02,1.5,4736,Traded,0,0,0
2014-09-03,1.49,6194,Traded,0,0,0
2014-09-04,1.49,10523,Traded,0,0,0
2014-09-05,1.49,8828,Traded,0,0,0
2014-09-08,1.51,6692,Traded,0,0,0
2014-09-09,1.49,6452,Traded,0,0,0
2014-09-10,1.48,1486,Traded,0,0,0
2014-09-11,1.48,7563,Traded,0,0,0
2014-09-12,1.54,3196,Traded,0,0,0
2014-09-15,1.48,32273,Traded,0,0,0
2014-09-16,1.5,26494,Traded,0,0,0
2014-09-17,1.49,20381,Traded,0,0,0
2014-09-18,1.49,12319,Traded,0,0,0
2014-09-19,1.48,6285,Traded,0,0,0
2014-09-22,1.49,7206,Traded,0,0,0
2014-09-23,1.49,8825,Traded,0,0,0
2014-09-24,1.51,5310,Traded,0,0,0
2014-09-25,1.51,6006,Traded,0,0,0
2014-09-26,1.5,6200,Traded,0,0,0
2014-09-29,1.52,5801,Traded,0,0,0
2014-09-30,1.64,2996,Traded,0,0,0
2014-10-01,1.5,5932,Traded,0,0,0
2014-10-02,1.48,5668,Traded,0,0,0
2014-10-03,1.47,6224,Traded,0,0,0
2014-10-06,1.47,18275,Traded,0,0,0
2014-10-07,1.47,18965,Traded,0,0,0
2014-10-08,1.47,11087,Traded,0,0,0
2014-10-09,1.47,10942,Traded,0,0,0
2014-10-10,1.5,11896,Traded,0,0,0
2014-10-13,1.5,14172,Traded,0,0,0
2014-10-14,1.5,12543,Traded,0,0,0
2014-10-15,1.52,8510,Traded,0,0,0
2014-10-16,1.51,8460,Traded,0,0,0
2014-10-17,1.52,11320,Traded,0,0,0
2014-10-20,1.48,14595,Traded,0,0,0
2014-10-21,1.47,9539,Traded,0,0,0
2014-10-22,1.49,12542,Traded,0,0,0
2014-10-23,1.49,14182,Traded,0,0,0
2014-10-24,1.5,8231,Traded,0,0,0
2014-10-27,1.48,10152,Traded,0,0,0
2014-10-28,1.47,9998,Traded,0,0,0
2014-10-29,1.47,9166,Traded,0,0,0
2014-10-30,1.47,9389,Traded,0,0,0
2014-10-31,1.5,11234,Traded,0,0,0
2014-11-03,1.48,19227,Traded,0,0,0
2014-11-04,1.47,25810,Traded,0,0,0
2014-11-05,1.47,17148,Traded,0,0,0
2014-11-06,1.47,21718,Traded,0,0,0
2014-11-07,1.55,3027,Traded,0,0,0
2014-11-10,1.49,17758,Traded,0,0,0
2014-11-11,1.48,11560,Traded,0,0,0
2014-11-12,1.48,18250,Traded,0,0,0
2014-11-13,1.48,17799,Traded,0,0,0
2014-11-14,1.49,12680,Traded,0,0,0
2014-11-17,1.51,5781,Traded,0,0,0
2014-11-18,1.5,18451,Traded,0,0,0
2014-11-19,1.49,17365,Traded,0,0,0
2014-11-20,1.49,20215,Traded,0,0,0
2014-11-21,1.47,20122,Traded,0,0,0
2014-11-24,1.5,3592,Traded,0,0,0
2014-11-25,1.49,7999,Traded,0,0,0
2014-11-26,1.48,13884,Traded,0,0,0
2014-11-27,1.49,12794,Traded,0,0,0
2014-11-28,1.47,12802,Traded,0,0,0
2014-12-01,1.49,13784,Traded,0,0,0
2014-12-02,1.48,24248,Traded,0,0,0
2014-12-03,1.49,10032,Traded,0,0,0
2014-12-04,1.48,25200,Traded,0,0,0
2014-12-05,1.46,17076,Traded,0,0,0
2014-12-08,1.49,23680,Traded,0,0,0
2014-12-09,1.48,15459,Traded,0,0,0
2014-12-10,1.5,11559,Traded,0,0,0
2014-12-11,1.48,17248,Traded,0,0,0
2014-12-12,1.22,12184,Traded,0,0,0
2014-12-15,1.23,20338,Traded,0,0,0
2014-12-16,1.23,29406,Traded,0,0,0
2014-12-17,1.24,18851,Traded,0,0,0
2014-12-18,1.23,5006,Traded,0,0,0
2014-12-19,1.22,13210,Traded,0,0,0
2014-12-22,1.31,2403,Traded,0,0,0
2014-12-23,1.24,12603,Traded,0,0,0
2014-12-29,1.22,16849,Traded,0,0,0
2014-12-30,1.24,12536,Traded,0,0,0
2014-12-31,1.34,1367,Traded,0,0,0
2015-01-02,1.24,21690,Traded,0,0,0
2015-01-05,1.23,5352,Traded,0,0,0
2015-01-06,1.23,8854,Traded,0,0,0
2015-01-07,1.26,3083,Traded,0,0,0
2015-01-08,1.24,3376,Traded,0,0,0
2015-01-09,1.23,6043,Traded,0,0,0
2015-01-12,1.23,12520,Traded,0,0,0
2015-01-13,1.23,9012,Traded,0,0,0
2015-01-14,1.23,8176,Traded,0,0,0
2015-01-15,1.23,26204,Traded,0,0,0
2015-01-16,1.24,13585,Traded,0,0,0
2015-01-19,1.27,10304,Traded,0,0,0
2015-01-20,1.24,10531,Traded,0,0,0
2015-01-21,1.24,11443,Traded,0,0,0
2015-01-22,1.23,15501,Traded,0,0,0
2015-01-23,1.24,20322,Traded,0,0,0
2015-01-26,1.24,21264,Traded,0,0,0
2015-01-27,1.23,16849,Traded,0,0,0
2015-01-28,1.23,16436,Traded,0,0,0
2015-01-29,1.23,20537,Traded,0,0,0
2015-01-30,1.23,6415,Traded,0,0,0
2015-02-02,1.23,12369,Traded,0,0,0
2015-02-03,1.25,10920,Traded,0,0,0
2015-02-04,1.24,16785,Traded,0,0,0
2015-02-05,1.23,14008,Traded,0,0,0
2015-02-06,1.25,9026,Traded,0,0,0
2015-02-09,1.29,0,Estimated,0,0,0
2015-02-10,1.23,18766,Traded,0,0,0
2015-02-11,1.22,23289,Traded,0,0,0
2015-02-12,1.23,17947,Traded,0,0,0
2015-02-13,1.23,13182,Traded,0,0,0
2015-02-16,1.24,24873,Traded,0,0,0
2015-02-17,1.24,21478,Traded,0,0,0
2015-02-18,1.25,18674,Traded,0,0,0
2015-02-19,1.25,23333,Traded,0,0,0
2015-02-20,1.25,18537,Traded,0,0,0
2015-02-23,1.24,21182,Traded,0,0,0
2015-02-24,1.24,20898,Traded,0,0,0
2015-02-25,1.24,11872,Traded,0,0,0
2015-02-26,1.23,22303,Traded,0,0,0
2015-02-27,1.25,14328,Traded,0,0,0
2015-03-02,1.23,24498,Traded,0,0,0
2015-03-03,1.23,15458,Traded,0,0,0
2015-03-04,1.25,16410,Traded,0,0,0
2015-03-05,1.24,18288,Traded,0,0,0
2015-03-06,1.24,5830,Traded,0,0,0
2015-03-09,1.24,14051,Traded,0,0,0
2015-03-10,1.23,12538,Traded,0,0,0
2015-03-11,1.23,20348,Traded,0,0,0
2015-03-12,1.23,16159,Traded,0,0,0
2015-03-13,1.26,11535,Traded,0,0,0
2015-03-16,1.31,8542,Traded,0,0,0
2015-03-17,1.27,15796,Traded,0,0,0
2015-03-18,1.26,12963,Traded,0,0,0
2015-03-19,1.27,19823,Traded,0,0,0
2015-03-20,1.24,21831,Traded,0,0,0
2015-03-23,1.24,22191,Traded,0,0,0
2015-03-24,1.24,12975,Traded,0,0,0
2015-03-25,1.25,11838,Traded,0,0,0
2015-03-26,1.25,23350,Traded,0,0,0
2015-03-27,1.25,27477,Traded,0,0,0
2015-03-30,1.25,13484,Traded,0,0,0
2015-03-31,1.86,1607,Traded,0,0,0
2015-04-01,1.26,15068,Traded,0,0,0
2015-04-07,1.25,26567,Traded,0,0,0
2015-04-08,1.23,14023,Traded,0,0,0
2015-04-09,1.22,19020,Traded,0,0,0
2015-04-10,1.23,17343,Traded,0,0,0
2015-04-13,1.23,19167,Traded,0,0,0
2015-04-14,1.25,18686,Traded,0,0,0
2015-04-15,1.25,9617,Traded,0,0,0
2015-04-16,1.24,11222,Traded,0,0,0
2015-04-17,1.25,17170,Traded,0,0,0
2015-04-20,1.23,19242,Traded,0,0,0
2015-04-21,1.24,7737,Traded,0,0,0
2015-04-22,1.25,13163,Traded,0,0,0
2015-04-23,1.25,14164,Traded,0,0,0
2015-04-24,1.27,8481,Traded,0,0,0
2015-04-27,1.26,9623,Traded,0,0,0
2015-04-28,1.25,22240,Traded,0,0,0
2015-04-29,1.24,27785,Traded,0,0,0
2015-04-30,1.25,16342,Traded,0,0,0
2015-05-04,1.24,30868,Traded,0,0,0
2015-05-05,1.25,27658,Traded,0,0,0
2015-05-06,1.24,22475,Traded,0,0,0
2015-05-07,1.24,23655,Traded,0,0,0
2015-05-08,1.24,23964,Traded,0,0,0
2015-05-11,1.25,17711,Traded,0,0,0
2015-05-12,1.25,15668,Traded,0,0,0
2015-05-13,1.27,20222,Traded,0,0,0
2015-05-15,1.26,20795,Traded,0,0,0
2015-05-18,1.27,9904,Traded,0,0,0
2015-05-19,1.24,23778,Traded,0,0,0
2015-05-20,1.24,16346,Traded,0,0,0
2015-05-21,1.26,18589,Traded,0,0,0
2015-05-22,1.25,14666,Traded,0,0,0
2015-05-26,1.23,20112,Traded,0,0,0
2015-05-27,1.25,19574,Traded,0,0,0
2015-05-28,1.23,25579,Traded,0,0,0
2015-05-29,1.25,13388,Traded,0,0,0
2015-06-01,1.26,10194,Traded,0,0,0
2015-06-02,1.24,16240,Traded,0,0,0
2015-06-03,1.24,17256,Traded,0,0,0
2015-06-04,1.22,9316,Traded,0,0,0
2015-06-05,1.23,13699,Traded,0,0,0
2015-06-08,1.24,10213,Traded,0,0,0
2015-06-09,1.23,7918,Traded,0,0,0
2015-06-10,1.24,8531,Traded,0,0,0
2015-06-11,1.27,13870,Traded,0,0,0
2015-06-12,1.26,11984,Traded,0,0,0
2015-06-15,1.26,15901,Traded,0,0,0
2015-06-16,1.27,21483,Traded,0,0,0
2015-06-17,1.27,17422,Traded,0,0,0
2015-06-18,1.23,19019,Traded,0,0,0
2015-06-19,1.0,18628,Traded,0,0,0
2015-06-22,0.99,17171,Traded,0,0,0
2015-06-23,1.01,19183,Traded,0,0,0
2015-06-24,0.99,1320,Traded,0,0,0
2015-06-25,0.99,11852,Traded,0,0,0
2015-06-26,1.0,9028,Traded,0,0,0
2015-06-29,0.98,9649,Traded,0,0,0
2015-06-30,0.97,10215,Traded,0,0,0
2015-07-01,1.0,2842,Traded,0,0,0
2015-07-02,1.0,4930,Traded,0,0,0
2015-07-03,1.0,2408,Traded,0,0,0
2015-07-06,1.0,4013,Traded,0,0,0
2015-07-07,0.97,8471,Traded,0,0,0
2015-07-08,0.75,5722,Traded,0,0,0
2015-07-09,0.97,9342,Traded,0,0,0
2015-07-10,1.0,11592,Traded,0,0,0
2015-07-13,0.99,15049,Traded,0,0,0
2015-07-14,0.98,11529,Traded,0,0,0
2015-07-15,0.98,38835,Traded,0,0,0
2015-07-16,0.98,29973,Traded,0,0,0
2015-07-17,1.01,8143,Traded,0,0,0
2015-07-20,1.0,5133,Traded,0,0,0
2015-07-21,0.99,12324,Traded,0,0,0
2015-07-22,1.0,8456,Traded,0,0,0
2015-07-23,1.0,14867,Traded,0,0,0
2015-07-24,1.0,16847,Traded,0,0,0
2015-07-27,0.98,11913,Traded,0,0,0
2015-07-28,0.99,11606,Traded,0,0,0
2015-07-29,1.0,13116,Traded,0,0,0
2015-07-30,0.99,14333,Traded,0,0,0
2015-07-31,1.03,0,Estimated,0,0,0
2015-08-03,0.97,13523,Traded,0,0,0
2015-08-04,0.97,12614,Traded,0,0,0
2015-08-05,0.99,10964,Traded,0,0,0
2015-08-06,0.98,11917,Traded,0,0,0
2015-08-07,0.98,12239,Traded,0,0,0
2015-08-10,0.99,11193,Traded,0,0,0
2015-08-11,0.98,8975,Traded,0,0,0
2015-08-12,0.97,9409,Traded,0,0,0
2015-08-13,0.98,16692,Traded,0,0,0
2015-08-14,0.98,13594,Traded,0,0,0
2015-08-17,0.99,16312,Traded,0,0,0
2015-08-18,0.97,2376,Traded,0,0,0
2015-08-19,1.0,14281,Traded,0,0,0
2015-08-20,1.02,4717,Traded,0,0,0
2015-08-21,0.98,7889,Traded,0,0,0
2015-08-24,1.0,8424,Traded,0,0,0
2015-08-25,1.02,0,Estimated,0,0,0
2015-08-26,0.98,10296,Traded,0,0,0
2015-08-27,0.99,8774,Traded,0,0,0
2015-08-28,0.98,9183,Traded,0,0,0
2015-08-31,0.98,11186,Traded,0,0,0
2015-09-01,0.99,14433,Traded,0,0,0
2015-09-02,0.98,19260,Traded,0,0,0
2015-09-03,0.98,12733,Traded,0,0,0
2015-09-04,0.98,18712,Traded,0,0,0
2015-09-07,1.0,14504,Traded,0,0,0
2015-09-08,0.99,18739,Traded,0,0,0
2015-09-09,0.98,16340,Traded,0,0,0
2015-09-10,0.97,13431,Traded,0,0,0
2015-09-11,1.0,15948,Traded,0,0,0
2015-09-14,0.99,17993,Traded,0,0,0
2015-09-15,0.99,28593,Traded,0,0,0
2015-09-16,0.98,28507,Traded,0,0,0
2015-09-17,0.98,20371,Traded,0,0,0
2015-09-18,0.99,24078,Traded,0,0,0
2015-09-21,0.98,20775,Traded,0,0,0
2015-09-22,1.0,16490,Traded,0,0,0
2015-09-23,0.98,11333,Traded,0,0,0
2015-09-24,0.98,18797,Traded,0,0,0
2015-09-25,0.73,14370,Traded,0,0,0
2015-09-28,0.73,21413,Traded,0,0,0
2015-09-29,0.72,31223,Traded,0,0,0
2015-09-30,0.8,3014,Traded,0,0,0
2015-10-01,0.75,21615,Traded,0,0,0
2015-10-02,0.76,7412,Traded,0,0,0
2015-10-05,0.74,20785,Traded,0,0,0
2015-10-06,0.72,16586,Traded,0,0,0
2015-10-07,0.74,14695,Traded,0,0,0
2015-10-08,0.73,17315,Traded,0,0,0
2015-10-09,0.72,14602,Traded,0,0,0
2015-10-12,0.73,30107,Traded,0,0,0
2015-10-13,0.73,29364,Traded,0,0,0
2015-10-14,0.74,17796,Traded,0,0,0
2015-10-15,0.73,16952,Traded,0,0,0
2015-10-16,0.74,10967,Traded,0,0,0
2015-10-19,0.73,11611,Traded,0,0,0
2015-10-20,0.71,9099,Traded,0,0,0
2015-10-21,0.75,8670,Traded,0,0,0
2015-10-22,0.73,10734,Traded,0,0,0
2015-10-23,0.74,11709,Traded,0,0,0
2015-10-26,0.73,21050,Traded,0,0,0
2015-10-27,0.72,3591,Traded,0,0,0
2015-10-28,0.74,12837,Traded,0,0,0
2015-10-29,0.73,13318,Traded,0,0,0
2015-10-30,0.77,1609,Traded,0,0,0
2015-11-02,0.74,5867,Traded,0,0,0
2015-11-03,0.72,14148,Traded,0,0,0
2015-11-04,0.74,28183,Traded,0,0,0
2015-11-05,0.73,18033,Traded,0,0,0
2015-11-06,0.74,14481,Traded,0,0,0
2015-11-09,0.72,2510,Traded,0,0,0
2015-11-10,0.73,3503,Traded,0,0,0
2015-11-11,0.71,7746,Traded,0,0,0
2015-11-12,0.74,8000,Traded,0,0,0
2015-11-13,0.74,12173,Traded,0,0,0
2015-11-16,0.78,39657,Traded,0,0,0
2015-11-17,0.75,9618,Traded,0,0,0
2015-11-18,0.76,19970,Traded,0,0,0
2015-11-19,0.76,22213,Traded,0,0,0
2015-11-20,0.76,18746,Traded,0,0,0
2015-11-23,0.75,18258,Traded,0,0,0
2015-11-24,0.73,17152,Traded,0,0,0
2015-11-25,0.74,18469,Traded,0,0,0
2015-11-26,0.75,18083,Traded,0,0,0
2015-11-27,0.75,19092,Traded,0,0,0
2015-11-30,0.74,21700,Traded,0,0,0
2015-12-01,0.75,12740,Traded,0,0,0
2015-12-02,0.75,18475,Traded,0,0,0
2015-12-03,0.72,20590,Traded,0,0,0
2015-12-04,0.73,23690,Traded,0,0,0
2015-12-07,0.73,17128,Traded,0,0,0
2015-12-08,0.74,16735,Traded,0,0,0
2015-12-09,0.74,16592,Traded,0,0,0
2015-12-10,0.73,17471,Traded,0,0,0
2015-12-11,0.73,20628,Traded,0,0,0
2015-12-14,0.73,9005,Traded,0,0,0
2015-12-15,0.76,11306,Traded,0,0,0
2015-12-16,0.75,17285,Traded,0,0,0
2015-12-17,0.74,4571,Traded,0,0,0
2015-12-18,0.74,7917,Traded,0,0,0
2015-12-21,0.73,5440,Traded,0,0,0
2015-12-22,0.73,5469,Traded,0,0,0
2015-12-23,0.74,10936,Traded,0,0,0
2015-12-28,0.75,7210,Traded,0,0,0
2015-12-29,0.73,13331,Traded,0,0,0
2015-12-30,0.74,13138,Traded,0,0,0
2015-12-31,2.19,0,Estimated,0,0,0
2016-01-04,0.74,21328,Traded,0,0,0
2016-01-05,0.74,24024,Traded,0,0,0
2016-01-06,0.77,3220,Traded,0,0,0
2016-01-07,0.74,6432,Traded,0,0,0
2016-01-08,0.73,17893,Traded,0,0,0
2016-01-11,0.74,6862,Traded,0,0,0
2016-01-12,0.75,6757,Traded,0,0,0
2016-01-13,0.73,5339,Traded,0,0,0
2016-01-14,0.75,4438,Traded,0,0,0
2016-01-15,0.74,16739,Traded,0,0,0
2016-01-18,0.74,14833,Traded,0,0,0
2016-01-19,0.75,25282,Traded,0,0,0
2016-01-20,0.72,15853,Traded,0,0,0
2016-01-21,0.74,20438,Traded,0,0,0
2016-01-22,0.73,20917,Traded,0,0,0
2016-01-25,0.73,22412,Traded,0,0,0
2016-01-26,0.74,27300,Traded,0,0,0
2016-01-27,0.74,25513,Traded,0,0,0
2016-01-28,0.74,17814,Traded,0,0,0
2016-01-29,0.74,15893,Traded,0,0,0
2016-02-01,0.73,14534,Traded,0,0,0
2016-02-02,0.74,25247,Traded,0,0,0
2016-02-03,0.75,12481,Traded,0,0,0
2016-02-04,0.73,13894,Traded,0,0,0
2016-02-05,0.74,16925,Traded,0,0,0
2016-02-08,0.74,11029,Traded,0,0,0
2016-02-09,0.73,8028,Traded,0,0,0
2016-02-10,0.74,19639,Traded,0,0,0
2016-02-11,0.73,11746,Traded,0,0,0
2016-02-12,0.72,13261,Traded,0,0,0
2016-02-15,0.76,0,Estimated,0,0,0
2016-02-16,0.74,11339,Traded,0,0,0
2016-02-17,0.74,15305,Traded,0,0,0
2016-02-18,0.74,15884,Traded,0,0,0
2016-02-19,0.75,13236,Traded,0,0,0
2016-02-22,0.75,13876,Traded,0,0,0
2016-02-23,0.74,17043,Traded,0,0,0
2016-02-24,0.75,8180,Traded,0,0,0
2016-02-25,0.73,16331,Traded,0,0,0
2016-02-26,0.74,20754,Traded,0,0,0
2016-02-29,0.74,10541,Traded,0,0,0
2016-03-01,0.73,18465,Traded,0,0,0
2016-03-02,0.74,11193,Traded,0,0,0
2016-03-03,0.73,9982,Traded,0,0,0
2016-03-04,0.73,11740,Traded,0,0,0
2016-03-07,0.74,5264,Traded,0,0,0
2016-03-08,0.75,6667,Traded,0,0,0
2016-03-09,0.73,9217,Traded,0,0,0
2016-03-10,0.74,7993,Traded,0,0,0
2016-03-11,0.75,8651,Traded,0,0,0
2016-03-14,0.74,10463,Traded,0,0,0
2016-03-15,0.78,0,Estimated,0,0,0
2016-03-16,0.76,13684,Traded,0,0,0
2016-03-17,0.78,4799,Traded,0,0,0
2016-03-18,0.49,14160,Traded,0,0,0
2016-03-21,0.49,21336,Traded,0,0,0
2016-03-22,0.5,16962,Traded,0,0,0
2016-03-23,0.51,17436,Traded,0,0,0
2016-03-29,0.48,15021,Traded,0,0,0
2016-03-30,0.5,17381,Traded,0,0,0
2016-03-31,0.69,656,Traded,0,0,0
2016-04-01,0.47,22616,Traded,0,0,0
2016-04-04,0.48,17023,Traded,0,0,0
2016-04-05,0.51,9959,Traded,0,0,0
2016-04-06,0.48,12823,Traded,0,0,0
2016-04-07,0.49,10614,Traded,0,0,0
2016-04-08,0.48,15107,Traded,0,0,0
2016-04-11,0.52,8276,Traded,0,0,0
2016-04-12,0.48,15008,Traded,0,0,0
2016-04-13,0.48,18490,Traded,0,0,0
2016-04-14,0.5,12214,Traded,0,0,0
2016-04-15,0.5,9489,Traded,0,0,0
2016-04-18,0.49,12394,Traded,0,0,0
2016-04-19,0.51,11107,Traded,0,0,0
2016-04-20,0.51,9681,Traded,0,0,0
2016-04-21,0.51,10231,Traded,0,0,0
2016-04-22,0.5,16058,Traded,0,0,0
2016-04-25,0.5,16903,Traded,0,0,0
2016-04-26,0.49,24267,Traded,0,0,0
2016-04-27,0.49,14927,Traded,0,0,0
2016-04-28,0.49,13883,Traded,0,0,0
2016-04-29,0.48,14632,Traded,0,0,0
2016-05-02,0.49,20886,Traded,0,0,0
2016-05-03,0.48,14226,Traded,0,0,0
2016-05-04,0.47,14694,Traded,0,0,0
2016-05-06,0.49,12611,Traded,0,0,0
2016-05-09,0.5,19278,Traded,0,0,0
2016-05-10,0.49,11881,Traded,0,0,0
2016-05-11,0.49,13153,Traded,0,0,0
2016-05-12,0.49,6240,Traded,0,0,0
2016-05-13,0.49,32588,Traded,0,0,0
2016-05-18,0.55,18411,Traded,0,0,0
2016-05-19,0.53,20614,Traded,0,0,0
2016-05-20,0.5,16423,Traded,0,0,0
2016-05-23,0.48,12981,Traded,0,0,0
2016-05-24,0.47,13846,Traded,0,0,0
2016-05-25,0.47,16468,Traded,0,0,0
2016-05-26,0.49,10739,Traded,0,0,0
2016-05-27,0.48,10624,Traded,0,0,0
2016-05-30,0.49,8882,Traded,0,0,0
2016-05-31,0.48,17444,Traded,0,0,0
2016-06-01,0.49,12013,Traded,0,0,0
2016-06-02,0.5,17296,Traded,0,0,0
2016-06-03,0.48,10698,Traded,0,0,0
2016-06-06,0.5,11935,Traded,0,0,0
2016-06-07,0.49,11396,Traded,0,0,0
2016-06-08,0.47,14016,Traded,0,0,0
2016-06-09,0.49,9460,Traded,0,0,0
2016-06-10,0.49,7765,Traded,0,0,0
2016-06-13,0.49,8354,Traded,0,0,0
2016-06-14,0.49,13596,Traded,0,0,0
2016-06-15,0.49,19499,Traded,0,0,0
2016-06-16,0.49,15626,Traded,0,0,0
2016-06-17,0.49,19931,Traded,0,0,0
2016-06-20,0.48,21777,Traded,0,0,0
2016-06-21,0.49,23538,Traded,0,0,0
2016-06-22,0.5,23755,Traded,0,0,0
2016-06-23,0.48,19171,Traded,0,0,0
2016-06-24,0.49,17634,Traded,0,0,0
2016-06-27,0.5,18067,Traded,0,0,0
2016-06-28,0.49,22487,Traded,0,0,0
2016-06-29,0.48,18329,Traded,0,0,0
2016-06-30,0.48,3569,Traded,0,0,0
2016-07-01,0.48,10785,Traded,0,0,0
2016-07-04,0.48,17870,Traded,0,0,0
2016-07-05,0.49,10906,Traded,0,0,0
2016-07-06,0.49,10759,Traded,0,0,0
2016-07-07,0.5,17081,Traded,0,0,0
2016-07-08,0.49,11467,Traded,0,0,0
2016-07-11,0.49,8379,Traded,0,0,0
2016-07-12,0.49,6104,Traded,0,0,0
2016-07-13,0.49,8202,Traded,0,0,0
2016-07-14,0.49,2726,Traded,0,0,0
2016-07-15,0.51,12384,Traded,0,0,0
2016-07-18,0.49,13927,Traded,0,0,0
2016-07-19,0.5,8886,Traded,0,0,0
2016-07-20,0.52,8957,Traded,0,0,0
2016-07-21,0.51,16677,Traded,0,0,0
2016-07-22,0.49,6897,Traded,0,0,0
2016-07-25,0.51,7818,Traded,0,0,0
2016-07-26,0.49,7524,Traded,0,0,0
2016-07-27,0.49,7360,Traded,0,0,0
2016-07-28,0.49,3899,Traded,0,0,0
2016-07-29,0.48,9817,Traded,0,0,0
2016-08-01,0.52,15081,Traded,0,0,0
2016-08-02,0.51,12352,Traded,0,0,0
2016-08-03,0.52,6367,Traded,0,0,0
2016-08-04,0.48,8887,Traded,0,0,0
2016-08-05,0.51,6855,Traded,0,0,0
2016-08-08,0.49,12946,Traded,0,0,0
2016-08-09,0.5,12663,Traded,0,0,0
2016-08-10,0.49,12202,Traded,0,0,0
2016-08-11,0.5,21342,Traded,0,0,0
2016-08-12,0.49,16237,Traded,0,0,0
2016-08-15,0.49,20180,Traded,0,0,0
2016-08-16,0.49,16065,Traded,0,0,0
2016-08-17,0.49,21391,Traded,0,0,0
2016-08-18,0.5,11166,Traded,0,0,0
2016-08-19,0.5,25390,Traded,0,0,0
2016-08-22,0.5,21062,Traded,0,0,0
2016-08-23,0.52,24095,Traded,0,0,0
2016-08-24,0.53,24287,Traded,0,0,0
2016-08-25,0.51,18160,Traded,0,0,0
2016-08-26,0.5,20024,Traded,0,0,0
2016-08-29,0.51,27977,Traded,0,0,0
2016-08-30,0.5,23139,Traded,0,0,0
2016-08-31,0.5,26615,Traded,0,0,0
2016-09-01,0.5,24243,Traded,0,0,0
2016-09-02,0.52,20492,Traded,0,0,0
2016-09-05,0.52,16723,Traded,0,0,0
2016-09-06,0.49,15863,Traded,0,0,0
2016-09-07,0.51,24615,Traded,0,0,0
2016-09-08,0.48,23999,Traded,0,0,0
2016-09-09,0.49,19266,Traded,0,0,0
2016-09-12,0.51,16532,Traded,0,0,0
2016-09-13,0.51,19933,Traded,0,0,0
2016-09-14,0.53,11214,Traded,0,0,0
2016-09-15,0.5,21018,Traded,0,0,0
2016-09-16,0.48,12285,Traded,0,0,0
2016-09-19,0.53,11993,Traded,0,0,0
2016-09-20,0.52,6442,Traded,0,0,0
2016-09-21,0.48,8566,Traded,0,0,0
2016-09-22,0.48,7172,Traded,0,0,0
2016-09-23,0.49,9937,Traded,0,0,0
2016-09-26,0.51,13501,Traded,0,0,0
2016-09-27,0.51,16202,Traded,0,0,0
2016-09-28,0.49,16026,Traded,0,0,0
2016-09-29,0.51,23605,Traded,0,0,0
2016-09-30,2.03,0,Estimated,0,0,0
2016-10-03,0.49,18936,Traded,0,0,0
2016-10-04,0.49,22092,Traded,0,0,0
2016-10-05,0.5,30084,Traded,0,0,0
2016-10-06,0.49,24604,Traded,0,0,0
2016-10-07,0.49,26823,Traded,0,0,0
2016-10-10,0.5,24805,Traded,0,0,0
2016-10-11,0.5,24115,Traded,0,0,0
2016-10-12,0.49,22469,Traded,0,0,0
2016-10-13,0.49,24584,Traded,0,0,0
2016-10-14,0.5,24088,Traded,0,0,0
2016-10-17,0.48,20006,Traded,0,0,0
2016-10-18,0.5,12088,Traded,0,0,0
2016-10-19,0.5,17361,Traded,0,0,0
2016-10-20,0.49,16271,Traded,0,0,0
2016-10-21,0.49,20335,Traded,0,0,0
2016-10-24,0.49,10661,Traded,0,0,0
2016-10-25,0.49,21054,Traded,0,0,0
2016-10-26,0.5,16659,Traded,0,0,0
2016-10-27,0.49,20174,Traded,0,0,0
2016-10-28,0.5,14899,Traded,0,0,0
2016-10-31,0.48,17191,Traded,0,0,0
2016-11-01,0.5,22047,Traded,0,0,0
2016-11-02,0.49,33185,Traded,0,0,0
2016-11-03,0.49,21132,Traded,0,0,0
2016-11-04,0.5,8950,Traded,0,0,0
2016-11-07,0.5,18672,Traded,0,0,0
2016-11-08,0.5,13484,Traded,0,0,0
2016-11-09,0.52,9381,Traded,0,0,0
2016-11-10,0.49,2919,Traded,0,0,0
2016-11-11,0.51,4657,Traded,0,0,0
2016-11-14,0.51,10913,Traded,0,0,0
2016-11-15,0.51,19548,Traded,0,0,0
2016-11-16,0.51,17337,Traded,0,0,0
2016-11-17,0.51,13440,Traded,0,0,0
2016-11-18,0.49,22558,Traded,0,0,0
2016-11-21,0.5,16761,Traded,0,0,0
2016-11-22,0.49,23213,Traded,0,0,0
2016-11-23,0.49,19444,Traded,0,0,0
2016-11-24,0.48,17017,Traded,0,0,0
2016-11-25,0.49,17755,Traded,0,0,0
2016-11-28,0.48,15571,Traded,0,0,0
2016-11-29,0.49,15548,Traded,0,0,0
2016-11-30,0.48,14686,Traded,0,0,0
2016-12-01,0.5,6136,Traded,0,0,0
2016-12-02,0.48,6862,Traded,0,0,0
2016-12-05,0.5,21527,Traded,0,0,0
2016-12-06,0.49,19800,Traded,0,0,0
2016-12-07,0.48,17334,Traded,0,0,0
2016-12-08,0.49,18381,Traded,0,0,0
2016-12-09,0.49,7694,Traded,0,0,0
2016-12-12,0.51,17941,Traded,0,0,0
2016-12-13,0.5,18799,Traded,0,0,0
2016-12-14,0.51,10691,Traded,0,0,0
2016-12-15,0.49,16088,Traded,0,0,0
2016-12-16,0.49,24211,Traded,0,0,0
2016-12-19,0.49,23278,Traded,0,0,0
2016-12-20,0.5,19417,Traded,0,0,0
2016-12-21,0.48,18235,Traded,0,0,0
2016-12-22,0.48,19470,Traded,0,0,0
2016-12-23,0.48,15756,Traded,0,0,0
2016-12-27,0.49,19602,Traded,0,0,0
2016-12-28,0.48,11546,Traded,0,0,0
2016-12-29,0.48,9437,Traded,0,0,0
2016-12-30,0.93,521,Traded,0,0,0
2017-01-02,0.48,4044,Traded,0,0,0
2017-01-03,0.48,11272,Traded,0,0,0
2017-01-04,0.48,20238,Traded,0,0,0
2017-01-05,0.49,5312,Traded,0,0,0
2017-01-06,0.49,14353,Traded,0,0,0
2017-01-09,0.48,11915,Traded,0,0,0
2017-01-10,0.48,6830,Traded,0,0,0
2017-01-11,0.49,11989,Traded,0,0,0
2017-01-12,0.5,11309,Traded,0,0,0
2017-01-13,0.5,9310,Traded,0,0,0
2017-01-16,0.49,26993,Traded,0,0,0
2017-01-17,0.5,30394,Traded,0,0,0
2017-01-18,0.49,14907,Traded,0,0,0
2017-01-19,0.49,13264,Traded,0,0,0
2017-01-20,0.49,12475,Traded,0,0,0
2017-01-23,0.5,24750,Traded,0,0,0
2017-01-24,0.51,13835,Traded,0,0,0
2017-01-25,0.5,20523,Traded,0,0,0
2017-01-26,0.5,13893,Traded,0,0,0
2017-01-27,0.49,20764,Traded,0,0,0
2017-01-30,0.49,19939,Traded,0,0,0
2017-01-31,0.5,17496,Traded,0,0,0
2017-02-01,0.49,16365,Traded,0,0,0
2017-02-02,0.5,14016,Traded,0,0,0
2017-02-03,0.49,12745,Traded,0,0,0
2017-02-06,0.49,11912,Traded,0,0,0
2017-02-07,0.49,11936,Traded,0,0,0
2017-02-08,0.49,11306,Traded,0,0,0
2017-02-09,0.49,17703,Traded,0,0,0
2017-02-10,0.49,22775,Traded,0,0,0
2017-02-13,0.49,10430,Traded,0,0,0
2017-02-14,0.51,16086,Traded,0,0,0
2017-02-15,0.49,30803,Traded,0,0,0
2017-02-16,0.5,23591,Traded,0,0,0
2017-02-17,0.49,10781,Traded,0,0,0
2017-02-20,0.5,25227,Traded,0,0,0
2017-02-21,0.49,22752,Traded,0,0,0
2017-02-22,0.5,20776,Traded,0,0,0
2017-02-23,0.49,20221,Traded,0,0,0
2017-02-24,0.48,14145,Traded,0,0,0
2017-02-27,0.49,16437,Traded,0,0,0
2017-02-28,0.5,11250,Traded,0,0,0
2017-03-01,0.5,5783,Traded,0,0,0
2017-03-02,0.49,21670,Traded,0,0,0
2017-03-03,0.52,21223,Traded,0,0,0
2017-03-06,0.5,16123,Traded,0,0,0
2017-03-07,0.48,15347,Traded,0,0,0
2017-03-08,0.48,12952,Traded,0,0,0
2017-03-09,0.48,19099,Traded,0,0,0
2017-03-10,0.49,20025,Traded,0,0,0
2017-03-13,0.48,15356,Traded,0,0,0
2017-03-14,0.49,15367,Traded,0,0,0
2017-03-15,0.5,15008,Traded,0,0,0
2017-03-16,0.49,21834,Traded,0,0,0
2017-03-17,0.5,17551,Traded,0,0,0
2017-03-20,0.49,14957,Traded,0,0,0
2017-03-21,0.49,14301,Traded,0,0,0
2017-03-22,0.49,23170,Traded,0,0,0
2017-03-23,0.49,18787,Traded,0,0,0
2017-03-24,0.48,25582,Traded,0,0,0
2017-03-27,0.49,26560,Traded,0,0,0
2017-03-28,0.49,39117,Traded,0,0,0
2017-03-29,0.48,31301,Traded,0,0,0
2017-03-30,0.49,23357,Traded,0,0,0
2017-03-31,0.5,6464,Traded,0,0,0
2017-04-03,0.48,25589,Traded,0,0,0
2017-04-04,0.49,27310,Traded,0,0,0
2017-04-05,0.48,20607,Traded,0,0,0
2017-04-06,0.5,13011,Traded,0,0,0
2017-04-07,0.49,20263,Traded,0,0,0
2017-04-10,0.49,34077,Traded,0,0,0
2017-04-11,0.5,29008,Traded,0,0,0
2017-04-12,0.51,24426,Traded,0,0,0
2017-04-18,0.49,44114,Traded,0,0,0
2017-04-19,0.49,33368,Traded,0,0,0
2017-04-20,0.5,21946,Traded,0,0,0
2017-04-21,0.48,21460,Traded,0,0,0
2017-04-24,0.48,24166,Traded,0,0,0
2017-04-25,0.48,20413,Traded,0,0,0
2017-04-26,0.49,21327,Traded,0,0,0
2017-04-27,0.48,17749,Traded,0,0,0
2017-04-28,0.49,26327,Traded,0,0,0
2017-05-02,0.49,23125,Traded,0,0,0
2017-05-03,0.49,20314,Traded,0,0,0
2017-05-04,0.48,20069,Traded,0,0,0
2017-05-05,0.49,13814,Traded,0,0,0
2017-05-08,0.49,17061,Traded,0,0,0
2017-05-09,0.51,24262,Traded,0,0,0
2017-05-10,0.48,32614,Traded,0,0,0
2017-05-11,0.49,11561,Traded,0,0,0
2017-05-12,0.5,11113,Traded,0,0,0
2017-05-15,0.49,27636,Traded,0,0,0
2017-05-16,0.48,24523,Traded,0,0,0
2017-05-18,0.48,19004,Traded,0,0,0
2017-05-19,0.49,20071,Traded,0,0,0
2017-05-22,0.49,16111,Traded,0,0,0
2017-05-23,0.49,27231,Traded,0,0,0
2017-05-24,0.52,16074,Traded,0,0,0
2017-05-26,0.49,28990,Traded,0,0,0
2017-05-29,0.49,33307,Traded,0,0,0
2017-05-30,0.49,33163,Traded,0,0,0
2017-05-31,0.49,31121,Traded,0,0,0
2017-06-01,0.5,19850,Traded,0,0,0
2017-06-02,0.49,21120,Traded,0,0,0
2017-06-06,0.5,22233,Traded,0,0,0
2017-06-07,0.5,14701,Traded,0,0,0
2017-06-08,0.5,12864,Traded,0,0,0
2017-06-09,0.49,9290,Traded,0,0,0
2017-06-12,0.49,17865,Traded,0,0,0
2017-06-13,0.49,18827,Traded,0,0,0
2017-06-14,0.48,15368,Traded,0,0,0
2017-06-15,0.49,27768,Traded,0,0,0
2017-06-16,0.51,17126,Traded,0,0,0
2017-06-19,0.49,16159,Traded,0,0,0
2017-06-20,0.48,26663,Traded,0,0,0
2017-06-21,0.49,26605,Traded,0,0,0
2017-06-22,0.49,7593,Traded,0,0,0
2017-06-23,0.48,9704,Traded,0,0,0
2017-06-26,0.49,7893,Traded,0,0,0
2017-06-27,0.49,9210,Traded,0,0,0
2017-06-28,0.5,6299,Traded,0,0,0
2017-06-29,0.5,10992,Traded,0,0,0
2017-06-30,0.49,1230,Traded,0,0,0
2017-07-03,0.49,6087,Traded,0,0,0
2017-07-04,0.54,5538,Traded,0,0,0
2017-07-05,0.5,1866,Traded,0,0,0
2017-07-06,0.5,8309,Traded,0,0,0
2017-07-07,0.48,18919,Traded,0,0,0
2017-07-10,0.5,23993,Traded,0,0,0
2017-07-11,0.52,9234,Traded,0,0,0
2017-07-12,0.53,10278,Traded,0,0,0
2017-07-13,0.53,8324,Traded,0,0,0
2017-07-14,0.51,4732,Traded,0,0,0
2017-07-17,0.48,25827,Traded,0,0,0
2017-07-18,0.49,29775,Traded,0,0,0
2017-07-19,0.49,13085,Traded,0,0,0
2017-07-20,0.49,7285,Traded,0,0,0
2017-07-21,0.49,7699,Traded,0,0,0
2017-07-24,0.49,12155,Traded,0,0,0
2017-07-25,0.49,12597,Traded,0,0,0
2017-07-26,0.49,6224,Traded,0,0,0
2017-07-27,0.5,14367,Traded,0,0,0
2017-07-28,0.5,13150,Traded,0,0,0
2017-07-31,0.49,37089,Traded,0,0,0
2017-08-01,0.49,30138,Traded,0,0,0
2017-08-02,0.48,17682,Traded,0,0,0
2017-08-03,0.5,19548,Traded,0,0,0
2017-08-04,0.49,13167,Traded,0,0,0
2017-08-07,0.49,12987,Traded,0,0,0
2017-08-08,0.49,21774,Traded,0,0,0
2017-08-09,0.49,17702,Traded,0,0,0
2017-08-10,0.5,12919,Traded,0,0,0
2017-08-11,0.5,16113,Traded,0,0,0
2017-08-14,0.49,15874,Traded,0,0,0
2017-08-15,0.52,15651,Traded,0,0,0
2017-08-16,0.49,16602,Traded,0,0,0
2017-08-17,0.49,13485,Traded,0,0,0
2017-08-18,0.5,10865,Traded,0,0,0
2017-08-21,0.51,6210,Traded,0,0,0
2017-08-22,0.49,10533,Traded,0,0,0
2017-08-23,0.48,17532,Traded,0,0,0
2017-08-24,0.5,5607,Traded,0,0,0
2017-08-25,0.49,10953,Traded,0,0,0
2017-08-28,0.48,12832,Traded,0,0,0
2017-08-29,0.49,19587,Traded,0,0,0
2017-08-30,0.48,19555,Traded,0,0,0
2017-08-31,0.49,23546,Traded,0,0,0
2017-09-01,0.51,7162,Traded,0,0,0
2017-09-04,0.52,14356,Traded,0,0,0
2017-09-05,0.49,9165,Traded,0,0,0
2017-09-06,0.51,4490,Traded,0,0,0
2017-09-07,0.49,14769,Traded,0,0,0
2017-09-08,0.48,23638,Traded,0,0,0
2017-09-11,0.48,8284,Traded,0,0,0
2017-09-12,0.5,5225,Traded,0,0,0
2017-09-13,0.48,4699,Traded,0,0,0
2017-09-14,0.51,7130,Traded,0,0,0
2017-09-15,0.5,40813,Traded,0,0,0
2017-09-18,0.49,32476,Traded,0,0,0
2017-09-19,0.49,22849,Traded,0,0,0
2017-09-20,0.49,14828,Traded,0,0,0
2017-09-21,0.5,18638,Traded,0,0,0
2017-09-22,0.48,15462,Traded,0,0,0
2017-09-25,0.49,17559,Traded,0,0,0
2017-09-26,0.48,18157,Traded,0,0,0
2017-09-27,0.49,21436,Traded,0,0,0
2017-09-28,0.49,23873,Traded,0,0,0
2017-09-29,0.94,0,Estimated,0,0,0
2017-10-02,0.49,13285,Traded,0,0,0
2017-10-03,0.49,15386,Traded,0,0,0
2017-10-04,0.48,22843,Traded,0,0,0
2017-10-05,0.48,14838,Traded,0,0,0
2017-10-06,0.49,17658,Traded,0,0,0
2017-10-09,0.51,9296,Traded,0,0,0
2017-10-10,0.5,29075,Traded,0,0,0
2017-10-11,0.49,30500,Traded,0,0,0
2017-10-12,0.49,26151,Traded,0,0,0
2017-10-13,0.5,27861,Traded,0,0,0
2017-10-16,0.5,33384,Traded,0,0,0
2017-10-17,0.49,32339,Traded,0,0,0
2017-10-18,0.48,31222,Traded,0,0,0
2017-10-19,0.49,14636,Traded,0,0,0
2017-10-20,0.48,18295,Traded,0,0,0
2017-10-23,0.48,20065,Traded,0,0,0
2017-10-24,0.48,18671,Traded,0,0,0
2017-10-25,0.49,17511,Traded,0,0,0
2017-10-26,0.49,9670,Traded,0,0,0
2017-10-27,0.5,5139,Traded,0,0,0
2017-10-30,0.5,7215,Traded,0,0,0
2017-10-31,0.48,15492,Traded,0,0,0
2017-11-01,0.48,10239,Traded,0,0,0
2017-11-02,0.48,7594,Traded,0,0,0
2017-11-03,0.48,17384,Traded,0,0,0
2017-11-06,0.48,12995,Traded,0,0,0
2017-11-07,0.48,7805,Traded,0,0,0
2017-11-08,0.49,11213,Traded,0,0,0
2017-11-09,0.49,24671,Traded,0,0,0
2017-11-10,0.48,16343,Traded,0,0,0
2017-11-13,0.48,15969,Traded,0,0,0
2017-11-14,0.48,11493,Traded,0,0,0
2017-11-15,0.48,22234,Traded,0,0,0
2017-11-16,0.49,25688,Traded,0,0,0
2017-11-17,0.49,25641,Traded,0,0,0
2017-11-20,0.48,27653,Traded,0,0,0
2017-11-21,0.48,17538,Traded,0,0,0
2017-11-22,0.49,28919,Traded,0,0,0
2017-11-23,0.49,30067,Traded,0,0,0
2017-11-24,0.49,28039,Traded,0,0,0
2017-11-27,0.49,27066,Traded,0,0,0
2017-11-28,0.49,30964,Traded,0,0,0
2017-11-29,0.5,24806,Traded,0,0,0
2017-11-30,0.49,14459,Traded,0,0,0
2017-12-01,0.5,16542,Traded,0,0,0
2017-12-04,0.5,21087,Traded,0,0,0
2017-12-05,0.49,17576,Traded,0,0,0
2017-12-06,0.49,12813,Traded,0,0,0
2017-12-07,0.51,6984,Traded,0,0,0
2017-12-08,0.5,3319,Traded,0,0,0
2017-12-11,0.49,17841,Traded,0,0,0
2017-12-12,0.49,24406,Traded,0,0,0
2017-12-13,0.49,19052,Traded,0,0,0
2017-12-14,0.48,16820,Traded,0,0,0
2017-12-15,0.49,19333,Traded,0,0,0
2017-12-18,0.49,17875,Traded,0,0,0
2017-12-19,0.49,21306,Traded,0,0,0
2017-12-20,0.49,4487,Traded,0,0,0
2017-12-21,0.48,11385,Traded,0,0,0
2017-12-22,0.48,17850,Traded,0,0,0
2017-12-27,0.48,11443,Traded,0,0,0
2017-12-28,0.49,4195,Traded,0,0,0
2017-12-29,0.48,1367,Traded,0,0,0
2018-01-02,0.48,4681,Traded,0,0,0
2018-01-03,0.51,2238,Traded,0,0,0
2018-01-04,0.51,1975,Traded,0,0,0
2018-01-05,0.48,13414,Traded,0,0,0
2018-01-08,0.49,26205,Traded,0,0,0
2018-01-09,0.48,25599,Traded,0,0,0
2018-01-10,0.48,32972,Traded,0,0,0
2018-01-11,0.49,10548,Traded,0,0,0
2018-01-12,0.51,11899,Traded,0,0,0
2018-01-15,0.51,38638,Traded,0,0,0
2018-01-16,0.5,38264,Traded,0,0,0
2018-01-17,0.49,33485,Traded,0,0,0
2018-01-18,0.49,21296,Traded,0,0,0
2018-01-19,0.49,19368,Traded,0,0,0
2018-01-22,0.49,41688,Traded,0,0,0
2018-01-23,0.49,22300,Traded,0,0,0
2018-01-24,0.49,24663,Traded,0,0,0
2018-01-25,0.5,18674,Traded,0,0,0
2018-01-26,0.5,12906,Traded,0,0,0
2018-01-29,0.49,15484,Traded,0,0,0
2018-01-30,0.49,21788,Traded,0,0,0
2018-01-31,0.49,21379,Traded,0,0,0
2018-02-01,0.49,9167,Traded,0,0,0
2018-02-02,0.49,24054,Traded,0,0,0
2018-02-05,0.49,36432,Traded,0,0,0
2018-02-06,0.49,44564,Traded,0,0,0
2018-02-07,0.48,31074,Traded,0,0,0
2018-02-08,0.49,21426,Traded,0,0,0
2018-02-09,0.49,25139,Traded,0,0,0
2018-02-12,0.5,28798,Traded,0,0,0
2018-02-13,0.49,31774,Traded,0,0,0
2018-02-14,0.49,27504,Traded,0,0,0
2018-02-15,0.5,25925,Traded,0,0,0
2018-02-16,0.49,28481,Traded,0,0,0
2018-02-19,0.49,30329,Traded,0,0,0
2018-02-20,0.49,35780,Traded,0,0,0
2018-02-21,0.5,26221,Traded,0,0,0
2018-02-22,0.51,30856,Traded,0,0,0
2018-02-23,0.5,32904,Traded,0,0,0
2018-02-26,0.49,22542,Traded,0,0,0
2018-02-27,0.5,24125,Traded,0,0,0
2018-02-28,0.49,14942,Traded,0,0,0
2018-03-01,0.49,10164,Traded,0,0,0
2018-03-02,0.5,7395,Traded,0,0,0
2018-03-05,0.49,13602,Traded,0,0,0
2018-03-06,0.49,17043,Traded,0,0,0
2018-03-07,0.49,21920,Traded,0,0,0
2018-03-08,0.49,13244,Traded,0,0,0
2018-03-09,0.49,13350,Traded,0,0,0
2018-03-12,0.49,10136,Traded,0,0,0
2018-03-13,0.48,14468,Traded,0,0,0
2018-03-14,0.49,19238,Traded,0,0,0
2018-03-15,0.48,22179,Traded,0,0,0
2018-03-16,0.48,35704,Traded,0,0,0
2018-03-19,0.49,26205,Traded,0,0,0
2018-03-20,0.5,28192,Traded,0,0,0
2018-03-21,0.49,25625,Traded,0,0,0
2018-03-22,0.48,33141,Traded,0,0,0
2018-03-23,0.49,18507,Traded,0,0,0
2018-03-26,0.49,25964,Traded,0,0,0
2018-03-27,0.49,17869,Traded,0,0,0
2018-03-28,0.54,1862,Traded,0,0,0
2018-04-03,0.51,20030,Traded,0,0,0
2018-04-04,0.49,20238,Traded,0,0,0
2018-04-05,0.5,19821,Traded,0,0,0
2018-04-06,0.49,13566,Traded,0,0,0
2018-04-09,0.51,13866,Traded,0,0,0
2018-04-10,0.49,24518,Traded,0,0,0
2018-04-11,0.49,32832,Traded,0,0,0
2018-04-12,0.49,19919,Traded,0,0,0
2018-04-13,0.5,19672,Traded,0,0,0
2018-04-16,0.49,19340,Traded,0,0,0
2018-04-17,0.5,37501,Traded,0,0,0
2018-04-18,0.49,32285,Traded,0,0,0
2018-04-19,0.49,25492,Traded,0,0,0
2018-04-20,0.49,22374,Traded,0,0,0
2018-04-23,0.49,21821,Traded,0,0,0
2018-04-24,0.49,27954,Traded,0,0,0
2018-04-25,0.49,20762,Traded,0,0,0
2018-04-26,0.49,16435,Traded,0,0,0
2018-04-27,0.5,20673,Traded,0,0,0
2018-04-30,0.52,0,Estimated,0,0,0
2018-05-02,0.51,23523,Traded,0,0,0
2018-05-03,0.49,18145,Traded,0,0,0
2018-05-04,0.5,9232,Traded,0,0,0
2018-05-07,0.49,20210,Traded,0,0,0
2018-05-08,0.49,20873,Traded,0,0,0
2018-05-09,0.48,20462,Traded,0,0,0
2018-05-11,0.49,20829,Traded,0,0,0
2018-05-14,0.49,32765,Traded,0,0,0
2018-05-15,0.51,31807,Traded,0,0,0
2018-05-16,0.5,23287,Traded,0,0,0
2018-05-18,0.5,12295,Traded,0,0,0
2018-05-22,0.5,23359,Traded,0,0,0
2018-05-23,0.49,14930,Traded,0,0,0
2018-05-24,0.49,24830,Traded,0,0,0
2018-05-25,0.49,26649,Traded,0,0,0
2018-05-28,0.5,26210,Traded,0,0,0
2018-05-29,0.48,19876,Traded,0,0,0
2018-05-30,0.49,15739,Traded,0,0,0
2018-05-31,0.49,23861,Traded,0,0,0
2018-06-01,0.49,11015,Traded,0,0,0
2018-06-04,0.49,24921,Traded,0,0,0
2018-06-05,0.49,20550,Traded,0,0,0
2018-06-06,0.49,21471,Traded,0,0,0
2018-06-07,0.49,26123,Traded,0,0,0
2018-06-08,0.5,14748,Traded,0,0,0
2018-06-11,0.5,15587,Traded,0,0,0
2018-06-12,0.49,22919,Traded,0,0,0
2018-06-13,0.49,20532,Traded,0,0,0
2018-06-14,0.5,17566,Traded,0,0,0
2018-06-15,0.49,34535,Traded,0,0,0
2018-06-18,0.5,16811,Traded,0,0,0
2018-06-19,0.49,26050,Traded,0,0,0
2018-06-20,0.53,10621,Traded,0,0,0
2018-06-21,0.5,20341,Traded,0,0,0
2018-06-22,0.51,18621,Traded,0,0,0
2018-06-25,0.49,19335,Traded,0,0,0
2018-06-26,0.49,20660,Traded,0,0,0
2018-06-27,0.49,15360,Traded,0,0,0
2018-06-28,0.49,21055,Traded,0,0,0
2018-06-29,0.49,2857,Traded,0,0,0
2018-07-02,0.5,23869,Traded,0,0,0
2018-07-03,0.51,19996,Traded,0,0,0
2018-07-04,0.5,22702,Traded,0,0,0
2018-07-05,0.48,8874,Traded,0,0,0
2018-07-06,0.5,13627,Traded,0,0,0
2018-07-09,0.51,0,Estimated,0,0,0
2018-07-10,0.5,15769,Traded,0,0,0
2018-07-11,0.5,10245,Traded,0,0,0
2018-07-12,0.5,9405,Traded,0,0,0
2018-07-13,0.51,19037,Traded,0,0,0
2018-07-16,0.5,35250,Traded,0,0,0
2018-07-17,0.49,24319,Traded,0,0,0
2018-07-18,0.49,26097,Traded,0,0,0
2018-07-19,0.49,18520,Traded,0,0,0
2018-07-20,0.49,17116,Traded,0,0,0
2018-07-23,0.5,25239,Traded,0,0,0
2018-07-24,0.49,15637,Traded,0,0,0
2018-07-25,0.5,9816,Traded,0,0,0
2018-07-26,0.5,15209,Traded,0,0,0
2018-07-27,0.5,27152,Traded,0,0,0
2018-07-30,0.49,20167,Traded,0,0,0
2018-07-31,0.49,14780,Traded,0,0,0
2018-08-01,0.49,20594,Traded,0,0,0
2018-08-02,0.49,19442,Traded,0,0,0
2018-08-03,0.49,22001,Traded,0,0,0
2018-08-06,0.49,17704,Traded,0,0,0
2018-08-07,0.49,16679,Traded,0,0,0
2018-08-08,0.5,23828,Traded,0,0,0
2018-08-09,0.49,13697,Traded,0,0,0
2018-08-10,0.49,16421,Traded,0,0,0
2018-08-13,0.49,11234,Traded,0,0,0
2018-08-14,0.49,21070,Traded,0,0,0
2018-08-15,0.5,14203,Traded,0,0,0
2018-08-16,0.49,12603,Traded,0,0,0
2018-08-17,0.5,6337,Traded,0,0,0
2018-08-20,0.52,0,Estimated,0,0,0
2018-08-21,0.49,12025,Traded,0,0,0
2018-08-22,0.5,13754,Traded,0,0,0
2018-08-23,0.5,5401,Traded,0,0,0
2018-08-24,0.48,9152,Traded,0,0,0
2018-08-27,0.49,8102,Traded,0,0,0
2018-08-28,0.49,10879,Traded,0,0,0
2018-08-29,0.49,5154,Traded,0,0,0
2018-08-30,0.49,22963,Traded,0,0,0
2018-08-31,0.49,34143,Traded,0,0,0
2018-09-03,0.49,29584,Traded,0,0,0
2018-09-04,0.49,31063,Traded,0,0,0
2018-09-05,0.49,31979,Traded,0,0,0
2018-09-06,0.5,12920,Traded,0,0,0
2018-09-07,0.49,12252,Traded,0,0,0
2018-09-10,0.49,13922,Traded,0,0,0
2018-09-11,0.49,18261,Traded,0,0,0
2018-09-12,0.49,16904,Traded,0,0,0
2018-09-13,0.49,10827,Traded,0,0,0
2018-09-14,0.49,21591,Traded,0,0,0
2018-09-17,0.51,17284,Traded,0,0,0
2018-09-18,0.49,9799,Traded,0,0,0
2018-09-19,0.49,18105,Traded,0,0,0
2018-09-20,0.52,20006,Traded,0,0,0
2018-09-21,0.75,18727,Traded,0,0,0
2018-09-24,0.75,18824,Traded,0,0,0
2018-09-25,0.74,15116,Traded,0,0,0
2018-09-26,0.74,15912,Traded,0,0,0
2018-09-27,0.74,17799,Traded,0,0,0
2018-09-28,1.13,0,Estimated,0,0,0
2018-10-01,0.75,25940,Traded,0,0,0
2018-10-02,0.74,23628,Traded,0,0,0
2018-10-03,0.74,10239,Traded,0,0,0
2018-10-04,0.75,9517,Traded,0,0,0
2018-10-05,0.75,19412,Traded,0,0,0
2018-10-08,0.75,16102,Traded,0,0,0
2018-10-09,0.75,29285,Traded,0,0,0
2018-10-10,0.75,21131,Traded,0,0,0
2018-10-11,0.75,11890,Traded,0,0,0
2018-10-12,0.74,11077,Traded,0,0,0
2018-10-15,0.74,9773,Traded,0,0,0
2018-10-16,0.74,17655,Traded,0,0,0
2018-10-17,0.74,22668,Traded,0,0,0
2018-10-18,0.74,20263,Traded,0,0,0
2018-10-19,0.75,25176,Traded,0,0,0
2018-10-22,0.75,8634,Traded,0,0,0
2018-10-23,0.74,21493,Traded,0,0,0
2018-10-24,0.75,16100,Traded,0,0,0
2018-10-25,0.75,14562,Traded,0,0,0
2018-10-26,0.74,13766,Traded,0,0,0
2018-10-29,0.74,14483,Traded,0,0,0
2018-10-30,0.74,14914,Traded,0,0,0
2018-10-31,0.73,15385,Traded,0,0,0
2018-11-01,0.73,3051,Traded,0,0,0
2018-11-02,0.73,4085,Traded,0,0,0
2018-11-05,0.73,7137,Traded,0,0,0
2018-11-06,0.75,5465,Traded,0,0,0
2018-11-07,0.74,8334,Traded,0,0,0
2018-11-08,0.74,8778,Traded,0,0,0
2018-11-09,0.75,11403,Traded,0,0,0
2018-11-12,0.76,19199,Traded,0,0,0
2018-11-13,0.74,23244,Traded,0,0,0
2018-11-14,0.75,14454,Traded,0,0,0
2018-11-15,0.74,23931,Traded,0,0,0
2018-11-16,0.75,27611,Traded,0,0,0
2018-11-19,0.76,21106,Traded,0,0,0
2018-11-20,0.75,24072,Traded,0,0,0
2018-11-21,0.74,11546,Traded,0,0,0
2018-11-22,0.76,11122,Traded,0,0,0
2018-11-23,0.75,12979,Traded,0,0,0
2018-11-26,0.74,12914,Traded,0,0,0
2018-11-27,0.75,24289,Traded,0,0,0
2018-11-28,0.74,13233,Traded,0,0,0
2018-11-29,0.75,20047,Traded,0,0,0
2018-11-30,0.74,20893,Traded,0,0,0
2018-12-03,0.74,16504,Traded,0,0,0
2018-12-04,0.75,18913,Traded,0,0,0
2018-12-05,0.74,24037,Traded,0,0,0
2018-12-06,0.74,24992,Traded,0,0,0
2018-12-07,0.74,19952,Traded,0,0,0
2018-12-10,0.75,15777,Traded,0,0,0
2018-12-11,0.74,10430,Traded,0,0,0
2018-12-12,0.75,14751,Traded,0,0,0
2018-12-13,0.75,9819,Traded,0,0,0
2018-12-14,0.74,15735,Traded,0,0,0
2018-12-17,0.74,11242,Traded,0,0,0
2018-12-18,0.75,11163,Traded,0,0,0
2018-12-19,0.74,17260,Traded,0,0,0
2018-12-20,0.74,14306,Traded,0,0,0
2018-12-21,0.75,20570,Traded,0,0,0
2018-12-27,0.75,13065,Traded,0,0,0
2018-12-28,0.76,12689,Traded,0,0,0
2018-12-31,3.72,0,Estimated,0,0,0
2019-01-02,0.75,24308,Traded,0,0,0
2019-01-03,0.74,9718,Traded,0,0,0
2019-01-04,0.74,5780,Traded,0,0,0
2019-01-07,0.74,11807,Traded,0,0,0
2019-01-08,0.74,10097,Traded,0,0,0
2019-01-09,0.74,11863,Traded,0,0,0
2019-01-10,0.74,9767,Traded,0,0,0
2019-01-11,0.74,18135,Traded,0,0,0
2019-01-14,0.74,21462,Traded,0,0,0
2019-01-15,0.75,23335,Traded,0,0,0
2019-01-16,0.74,21504,Traded,0,0,0
2019-01-17,0.73,15816,Traded,0,0,0
2019-01-18,0.75,7596,Traded,0,0,0
2019-01-21,0.77,11775,Traded,0,0,0
2019-01-22,0.75,14379,Traded,0,0,0
2019-01-23,0.74,15287,Traded,0,0,0
2019-01-24,0.73,12719,Traded,0,0,0
2019-01-25,0.75,13938,Traded,0,0,0
2019-01-28,0.74,15643,Traded,0,0,0
2019-01-29,0.74,10113,Traded,0,0,0
2019-01-30,0.75,17074,Traded,0,0,0
2019-01-31,0.75,6145,Traded,0,0,0
2019-02-01,0.75,30229,Traded,0,0,0
2019-02-04,0.75,3417,Traded,0,0,0
2019-02-05,0.74,3314,Traded,0,0,0
2019-02-06,0.74,17636,Traded,0,0,0
2019-02-07,0.74,20743,Traded,0,0,0
2019-02-08,0.74,17407,Traded,0,0,0
2019-02-11,0.75,25208,Traded,0,0,0
2019-02-12,0.75,20825,Traded,0,0,0
2019-02-13,0.74,19914,Traded,0,0,0
2019-02-14,0.75,17924,Traded,0,0,0
2019-02-15,0.75,11826,Traded,0,0,0
2019-02-18,0.77,9537,Traded,0,0,0
2019-02-19,0.75,19067,Traded,0,0,0
2019-02-20,0.76,22262,Traded,0,0,0
2019-02-21,0.74,16180,Traded,0,0,0
2019-02-22,0.74,18474,Traded,0,0,0
2019-02-25,0.74,16457,Traded,0,0,0
2019-02-26,0.74,10913,Traded,0,0,0
2019-02-27,0.75,11993,Traded,0,0,0
2019-02-28,0.76,11892,Traded,0,0,0
2019-03-01,0.75,14102,Traded,0,0,0
2019-03-04,0.74,16424,Traded,0,0,0
2019-03-05,0.75,13738,Traded,0,0,0
2019-03-06,0.74,8007,Traded,0,0,0
2019-03-07,0.76,14692,Traded,0,0,0
2019-03-08,0.74,15033,Traded,0,0,0
2019-03-11,0.75,9759,Traded,0,0,0
2019-03-12,0.74,13126,Traded,0,0,0
2019-03-13,0.77,26894,Traded,0,0,0
2019-03-14,0.74,20105,Traded,0,0,0
2019-03-15,0.75,22568,Traded,0,0,0
2019-03-18,0.75,20747,Traded,0,0,0
2019-03-19,0.76,23697,Traded,0,0,0
2019-03-20,0.74,20724,Traded,0,0,0
2019-03-21,0.74,24470,Traded,0,0,0
2019-03-22,0.99,20936,Traded,0,0,0
2019-03-25,0.99,33277,Traded,0,0,0
2019-03-26,0.99,25680,Traded,0,0,0
2019-03-27,0.99,26796,Traded,0,0,0
2019-03-28,0.99,30049,Traded,0,0,0
2019-03-29,1.64,0,Estimated,0,0,0
2019-04-01,1.0,33756,Traded,0,0,0
2019-04-02,0.99,26745,Traded,0,0,0
2019-04-03,1.0,17671,Traded,0,0,0
2019-04-04,1.0,13155,Traded,0,0,0
2019-04-05,0.99,12167,Traded,0,0,0
2019-04-08,0.99,28075,Traded,0,0,0
2019-04-09,0.99,28390,Traded,0,0,0
2019-04-10,1.02,13284,Traded,0,0,0
2019-04-11,1.0,18797,Traded,0,0,0
2019-04-12,1.02,9345,Traded,0,0,0
2019-04-15,1.04,5547,Traded,0,0,0
2019-04-16,1.04,5786,Traded,0,0,0
2019-04-17,1.0,13974,Traded,0,0,0
2019-04-23,1.0,17422,Traded,0,0,0
2019-04-24,0.99,16682,Traded,0,0,0
2019-04-25,0.99,19101,Traded,0,0,0
2019-04-26,0.99,27477,Traded,0,0,0
2019-04-29,0.99,29768,Traded,0,0,0
2019-04-30,0.99,7487,Traded,0,0,0
2019-05-02,0.99,28479,Traded,0,0,0
2019-05-03,0.99,19084,Traded,0,0,0
2019-05-06,1.0,18573,Traded,0,0,0
2019-05-07,1.0,19576,Traded,0,0,0
2019-05-08,0.99,30666,Traded,0,0,0
2019-05-09,0.99,23444,Traded,0,0,0
2019-05-10,0.99,19237,Traded,0,0,0
2019-05-13,0.99,15712,Traded,0,0,0
2019-05-14,0.99,10111,Traded,0,0,0
2019-05-15,0.99,19770,Traded,0,0,0
2019-05-16,0.99,16762,Traded,0,0,0
2019-05-20,1.0,19920,Traded,0,0,0
2019-05-21,1.0,17482,Traded,0,0,0
2019-05-22,0.99,18817,Traded,0,0,0
2019-05-23,0.99,20658,Traded,0,0,0
2019-05-24,0.99,20016,Traded,0,0,0
2019-05-27,0.99,21120,Traded,0,0,0
2019-05-28,1.01,15402,Traded,0,0,0
2019-05-29,1.0,15541,Traded,0,0,0
2019-05-31,1.03,3899,Estimated,0,0,0
2019-06-03,1.0,36033,Traded,0,0,0
2019-06-04,0.99,14516,Traded,0,0,0
2019-06-05,1.01,14626,Traded,0,0,0
2019-06-06,1.0,20365,Traded,0,0,0
2019-06-07,1.0,34188,Traded,0,0,0
2019-06-11,1.0,20848,Traded,0,0,0
2019-06-12,0.99,25541,Traded,0,0,0
2019-06-13,1.0,19740,Traded,0,0,0
2019-06-14,1.01,17839,Traded,0,0,0
2019-06-17,0.99,12887,Traded,0,0,0
2019-06-18,1.0,28896,Traded,0,0,0
2019-06-19,0.99,21161,Traded,0,0,0
2019-06-20,0.99,4609,Traded,0,0,0
2019-06-21,1.25,14632,Traded,0,0,0
2019-06-24,1.24,11049,Traded,0,0,0
2019-06-25,1.27,7095,Traded,0,0,0
2019-06-26,1.27,10838,Traded,0,0,0
2019-06-27,1.26,14244,Estimated,0,0,0
2019-06-28,3.16,835,Estimated,0,0,0
2019-07-01,1.25,4012,Traded,0,0,0
2019-07-02,1.24,16789,Traded,0,0,0
2019-07-03,1.24,15736,Traded,0,0,0
2019-07-04,1.3,2044,Traded,0,0,0
2019-07-05,1.25,8195,Traded,0,0,0
2019-07-08,1.25,10280,Traded,0,0,0
2019-07-09,1.24,11495,Traded,0,0,0
2019-07-10,1.28,1597,Traded,0,0,0
2019-07-11,1.26,10248,Traded,0,0,0
2019-07-12,1.26,2539,Traded,0,0,0
2019-07-15,1.25,6040,Traded,0,0,0
2019-07-16,1.25,25840,Traded,0,0,0
2019-07-17,1.24,27790,Traded,0,0,0
2019-07-18,1.26,5470,Estimated,0,0,0
2019-07-19,1.25,15765,Traded,0,0,0
2019-07-22,1.25,29126,Traded,0,0,0
2019-07-23,1.25,8290,Traded,0,0,0
2019-07-24,1.24,15515,Traded,0,0,0
2019-07-25,1.25,31986,Traded,0,0,0
2019-07-26,1.24,16714,Traded,0,0,0
2019-07-29,1.26,21700,Estimated,0,0,0
2019-07-30,1.25,16193,Traded,0,0,0
2019-07-31,1.25,15550,Estimated,0,0,0
2019-08-01,1.24,19347,Traded,0,0,0
2019-08-02,1.24,23136,Traded,0,0,0
2019-08-05,1.25,15886,Traded,0,0,0
2019-08-06,1.25,26383,Traded,0,0,0
2019-08-07,1.25,15604,Traded,0,0,0
2019-08-08,1.25,12629,Traded,0,0,0
2019-08-09,1.24,6237,Traded,0,0,0
2019-08-12,1.24,6743,Traded,0,0,0
2019-08-13,1.24,18493,Traded,0,0,0
2019-08-14,1.24,21559,Traded,0,0,0
2019-08-15,1.25,6251,Traded,0,0,0
2019-08-16,1.24,7027,Traded,0,0,0
2019-08-19,1.24,4090,Traded,0,0,0
2019-08-20,1.24,10811,Traded,0,0,0
2019-08-21,1.24,14628,Traded,0,0,0
2019-08-22,1.25,13243,Traded,0,0,0
2019-08-23,1.25,14467,Traded,0,0,0
2019-08-26,1.24,16789,Traded,0,0,0
2019-08-27,1.25,18991,Traded,0,0,0
2019-08-28,1.25,5753,Traded,0,0,0
2019-08-29,1.25,4786,Estimated,0,0,0
2019-08-30,1.28,6804,Estimated,0,0,0
2019-09-02,1.26,11353,Traded,0,0,0
2019-09-03,1.24,19188,Traded,0,0,0
2019-09-04,1.24,9340,Traded,0,0,0
2019-09-05,1.25,14469,Traded,0,0,0
2019-09-06,1.26,26178,Traded,0,0,0
2019-09-09,1.24,14774,Traded,0,0,0
2019-09-10,1.24,26992,Traded,0,0,0
2019-09-11,1.25,11139,Traded,0,0,0
2019-09-12,1.26,8626,Traded,0,0,0
2019-09-13,1.25,21679,Traded,0,0,0
2019-09-16,1.25,20697,Traded,0,0,0
2019-09-17,1.25,22739,Traded,0,0,0
2019-09-18,1.26,24051,Traded,0,0,0
2019-09-19,1.26,17200,Traded,0,0,0
2019-09-20,1.5,18961,Traded,0,0,0
2019-09-23,1.49,7398,Traded,0,0,0
2019-09-24,1.49,8995,Traded,0,0,0
2019-09-25,1.49,14568,Traded,0,0,0
2019-09-26,1.51,10603,Traded,0,0,0
2019-09-27,1.5,13188,Traded,0,0,0
2019-09-30,1.84,1028,Estimated,0,0,0
2019-10-01,1.5,12036,Traded,0,0,0
2019-10-02,1.52,6982,Traded,0,0,0
2019-10-03,1.5,20464,Traded,0,0,0
2019-10-04,1.49,26485,Traded,0,0,0
2019-10-07,1.5,15979,Traded,0,0,0
2019-10-08,1.5,9835,Traded,0,0,0
2019-10-09,1.5,12517,Traded,0,0,0
2019-10-10,1.5,17112,Traded,0,0,0
2019-10-11,1.5,22101,Traded,0,0,0
2019-10-14,1.49,18615,Traded,0,0,0
2019-10-15,1.5,16858,Traded,0,0,0
2019-10-16,1.5,25966,Traded,0,0,0
2019-10-17,1.5,17757,Traded,0,0,0
2019-10-18,1.49,19520,Traded,0,0,0
2019-10-21,1.5,21971,Traded,0,0,0
2019-10-22,1.49,19139,Traded,0,0,0
2019-10-23,1.49,15215,Traded,0,0,0
2019-10-24,1.51,2849,Traded,0,0,0
2019-10-25,1.54,4010,Traded,0,0,0
2019-10-28,1.54,4705,Traded,0,0,0
2019-10-29,1.5,11038,Traded,0,0,0
2019-10-30,1.5,9458,Traded,0,0,0
2019-10-31,1.52,1686,Estimated,0,0,0
2019-11-01,1.5,8202,Traded,0,0,0
2019-11-04,1.5,3459,Traded,0,0,0
2019-11-05,1.49,8857,Traded,0,0,0
2019-11-06,1.49,19240,Traded,0,0,0
2019-11-07,1.49,11091,Traded,0,0,0
2019-11-08,1.5,13330,Traded,0,0,0
2019-11-11,1.5,4864,Traded,0,0,0
2019-11-12,1.5,7836,Traded,0,0,0
2019-11-13,1.5,4083,Traded,0,0,0
2019-11-14,1.5,9147,Traded,0,0,0
2019-11-15,1.5,16937,Traded,0,0,0
2019-11-18,1.5,10906,Traded,0,0,0
2019-11-19,1.5,19107,Traded,0,0,0
2019-11-20,1.49,15780,Traded,0,0,0
2019-11-21,1.5,20123,Traded,0,0,0
2019-11-22,1.49,13983,Traded,0,0,0
2019-11-25,1.49,26874,Traded,0,0,0
2019-11-26,1.49,18497,Traded,0,0,0
2019-11-27,1.49,11419,Traded,0,0,0
2019-11-28,1.5,12366,Traded,0,0,0
2019-11-29,1.51,2425,Traded,0,0,0
2019-12-02,1.5,13803,Traded,0,0,0
2019-12-03,1.49,21444,Traded,0,0,0
2019-12-04,1.49,18616,Traded,0,0,0
2019-12-05,1.5,25306,Traded,0,0,0
2019-12-06,1.49,16468,Traded,0,0,0
2019-12-09,1.49,15610,Traded,0,0,0
2019-12-10,1.49,17407,Traded,0,0,0
2019-12-11,1.51,18174,Traded,0,0,0
2019-12-12,1.5,20270,Traded,0,0,0
2019-12-13,1.49,9791,Traded,0,0,0
2019-12-16,1.5,18893,Traded,0,0,0
2019-12-17,1.5,21536,Traded,0,0,0
2019-12-18,1.49,21167,Traded,0,0,0
2019-12-19,1.5,25046,Traded,0,0,0
2019-12-20,1.5,24331,Traded,0,0,0
2019-12-23,1.49,20286,Traded,0,0,0
2019-12-27,1.5,16708,Traded,0,0,0
2019-12-30,1.49,15272,Traded,0,0,0
2019-12-31,2.07,0,Estimated,0,0,0
2020-01-02,1.49,16520,Normal,6,8,11
2020-01-03,1.49,9595,Normal,5,8,10
2020-01-06,1.49,16685,Normal,6,7,15
2020-01-07,1.49,5160,Normal,6,3,7
2020-01-08,1.49,5120,Normal,9,7,13
2020-01-09,1.49,14565,Normal,9,8,13
2020-01-10,1.49,23895,Normal,7,10,21
2020-01-13,1.49,26480,Normal,7,8,17
2020-01-14,1.49,22795,Normal,7,8,16
2020-01-15,1.49,37305,Normal,9,10,24
2020-01-16,1.49,37285,Normal,9,8,21
2020-01-17,1.49,18040,Normal,8,9,22
2020-01-20,1.49,15540,Normal,10,8,19
2020-01-21,1.49,22345,Normal,9,7,18
2020-01-22,1.49,12295,Normal,9,5,15
2020-01-23,1.49,8080,Normal,9,6,14
2020-01-24,1.49,15225,Normal,8,9,17
2020-01-27,1.49,14700,Normal,8,5,13
2020-01-28,1.49,15730,Normal,4,9,13
2020-01-29,1.49,12850,Normal,8,8,13
2020-01-30,1.49,22570,Normal,5,8,16
2020-01-31,1.49,3050,Normal,3,5,7
2020-02-03,1.49,12100,Normal,8,7,15
2020-02-04,1.49,3915,Normal,4,8,11
2020-02-05,1.49,9030,Normal,6,9,13
2020-02-06,1.49,7170,Normal,8,7,13
2020-02-07,1.49,18010,Normal,9,6,14
2020-02-10,1.49,20625,Normal,6,8,13
2020-02-11,1.49,14980,Normal,6,8,12
2020-02-12,1.49,16412,Normal,7,10,18
2020-02-13,1.49,18575,Normal,6,8,14
2020-02-14,1.49,20830,Normal,7,8,16
2020-02-17,1.49,20740,Normal,6,10,16
2020-02-18,1.49,23615,Normal,6,9,14
2020-02-19,1.49,19185,Normal,7,7,15
2020-02-20,1.49,17370,Normal,7,7,14
2020-02-21,1.49,27000,Normal,6,9,17
2020-02-24,1.49,28390,Normal,8,10,21
2020-02-25,1.49,30160,Normal,6,9,14
2020-02-26,1.49,23950,Normal,7,6,14
2020-02-27,1.49,28080,Normal,6,7,14
2020-02-28,1.51,2320,Normal,5,5,8
2020-03-02,1.49,30585,Normal,5,7,12
2020-03-03,1.49,13260,Normal,9,6,11
2020-03-04,1.49,16325,Normal,10,5,15
2020-03-05,1.49,13140,Normal,8,6,12
2020-03-06,1.49,17245,Normal,9,7,14
2020-03-09,1.49,11740,Normal,9,5,14
2020-03-10,1.49,27115,Normal,7,8,13
2020-03-11,1.49,28850,Normal,7,6,12
2020-03-12,1.49,17030,Normal,8,9,19
2020-03-13,1.49,6895,Normal,7,6,10
2020-03-16,0.99,18480,Normal,7,8,12
2020-03-17,0.99,14434,Normal,5,5,8
2020-03-18,0.99,13280,Normal,5,6,10
2020-03-19,0.99,20460,Normal,6,7,13
2020-03-20,0.99,12720,Normal,5,4,9
2020-03-23,0.24,6430,Normal,5,4,8
2020-03-24,0.24,3300,Normal,3,3,5
2020-03-25,0.24,1450,Alternative,2,2,2
2020-03-26,0.24,3705,Normal,5,5,5
2020-03-27,0.24,9770,Normal,5,6,9
2020-03-30,0.24,3080,Normal,3,4,4
2020-03-31,0.24,0,Alternative,0,0,0
2020-04-01,0.25,14050,Normal,4,5,6
2020-04-02,0.25,8055,Normal,4,4,5
2020-04-03,0.25,9240,Normal,7,6,11
2020-04-06,0.24,4600,Normal,4,4,5
2020-04-07,0.25,7975,Normal,5,5,9
2020-04-08,0.25,6853,Normal,5,4,8
2020-04-14,0.24,7180,Normal,6,4,7
2020-04-15,0.24,9100,Normal,5,4,6
2020-04-16,0.24,3680,Normal,4,4,5
2020-04-17,0.24,3710,Normal,5,4,5
2020-04-20,0.23,3415,Normal,5,5,6
2020-04-21,0.24,4820,Normal,5,4,7
2020-04-22,0.24,3640,Normal,3,3,3
2020-04-23,0.25,2460,Normal,4,4,4
2020-04-24,0.25,8270,Normal,4,6,6
2020-04-27,0.24,2830,Normal,3,3,3
2020-04-28,0.24,7220,Normal,3,3,5
2020-04-29,0.24,4895,Alternative,2,4,4
2020-04-30,0.24,2700,Normal,3,4,4
2020-05-04,0.24,3950,Normal,4,4,4
2020-05-05,0.24,2600,Alternative,2,2,2
2020-05-06,0.24,3900,Alternative,2,3,3
2020-05-07,0.24,8925,Alternative,2,4,4
2020-05-08,0.0,0,Key Policy Rate,0,0,0
2020-05-11,0.0,0,Key Policy Rate,0,0,0
2020-05-12,0.0,0,Key Policy Rate,0,0,0
2020-05-13,0.0,0,Key Policy Rate,0,0,0
2020-05-14,0.0,0,Key Policy Rate,0,0,0
2020-05-15,0.0,0,Key Policy Rate,0,0,0
2020-05-18,0.0,0,Key Policy Rate,0,0,0
2020-05-19,0.0,0,Key Policy Rate,0,0,0
2020-05-20,0.0,0,Key Policy Rate,0,0,0
2020-05-22,0.0,0,Key Policy Rate,0,0,0
2020-05-25,0.0,0,Key Policy Rate,0,0,0
2020-05-26,0.0,0,Key Policy Rate,0,0,0
2020-05-27,0.0,0,Key Policy Rate,0,0,0
2020-05-28,0.0,0,Key Policy Rate,0,0,0
2020-05-29,0.0,0,Key Policy Rate,0,0,0
2020-06-02,0.0,0,Key Policy Rate,0,0,0
2020-06-03,0.0,0,Key Policy Rate,0,0,0
